doc_id,datetime,datetime_old,tweet,original_media,media,likes,retweets,replies,username,handle,user_description,user_image,user_image_original,user_followers,sponsored,target,condition,sequence,treatment_type,control,screenshot,engagement,diff_from_avg,Claim 1,Claim 2,Claim 3,Claim 4,Claim 5,screenshot_control,screenshot_nowatermark,screenshot_insta,screenshot_fb,screenshot_both,screenshot_cr,disclaimer,,,,,,,,,,
1,2025-03-19 05:26:00 PM CEST,March 19 2025 11:26 AM,"WHEN YOU SEE THIS KIT, WHO DO YOU SEE?",https://drive.google.com/file/d/1p-KSz8bqMTw47FC06WyUbZhsvOUi4CK8/view?usp=share_link,https://i.postimg.cc/4ZnnjqW1/image-1.jpg,3900,454,1000,Romani,RizioRomani,Favorite Arsenal Supporter,https://i.postimg.cc/BQkDy40b/profile-1.jpg,https://drive.google.com/file/d/1jqpZ2Rh6zHZvgBkDzBV-Og5ANCzmnOSW/view?usp=share_link,437,0,0,sports,,,sports,,4354,2658.38,,,,,,https://i.postimg.cc/j2BQXGBH/rizioromani.jpg,,,,,,,,,,,,,,,,
2,2025-03-19 00:09:00 PM CEST,March 19 2025 3:00 PM,Yes or no to new City Connect jerseys?,https://drive.google.com/file/d/1axhd6MgVqvUQzMs7eHjgknbzThtgg1ou/view?usp=share_link,https://i.postimg.cc/rygJdbtj/image-2.jpg,1100,41,249,Michael Schwab,michaelschwab13,"Astros writer, The Ice Box Insider / POLITICO & USA TODAY alum / Native Houstonian / TCU grad / Shipley's, not Shipley",https://i.postimg.cc/sxFxmDSC/profile-2.jpg,https://drive.google.com/file/d/1ot34ttKOytgDpD3GrGlNfsmYqSkDRED-/view?usp=share_link,86500,0,0,sports,,,sports,,1141,-554.62,,,,,,https://i.postimg.cc/CKxrrVzD/michaelschwab13.jpg,,,,,,,,,,,,,,,,
3,2025-03-18 05:17:00 PM CEST,March 18 2025 11:17 AM,i spy with my little eye.. a new banner,https://drive.google.com/file/d/1BwxvNFhjg6G3cbZfN1fSw7Lmro80XmHQ/view?usp=share_link,https://i.postimg.cc/7Y0S3W5j/image-3.jpg,2600,74,21,alley,alleycabral,all i tweet about is the yankees,https://i.postimg.cc/gJx4R4yB/profile-3.jpg,https://drive.google.com/file/d/1otYcmiUBtEM75z31KnZFiT2J7xrRdV8J/view?usp=share_link,4423,0,0,sports,,,sports,,2674,978.38,,,,,,https://i.postimg.cc/KYVtD7nB/alleycabral.jpg,,,,,,,,,,,,,,,,
4,2025-03-19 01:50:00 PM CEST,March 19 2025 7:50 AM,Which United player is born same month as you? This should be fun...,https://drive.google.com/file/d/1GR3C49RGnOffQ6UTyto1krBVYuNd_bq0/view?usp=share_link,https://i.postimg.cc/Znf2V5sK/image-4.jpg,234,27,74,De United Man,DeUnitedman,Manchester United / fan page/,https://i.postimg.cc/RVS6Dhyv/profile-4.jpg,https://drive.google.com/file/d/1jfeWmhjg0qsnfMIbOIlAR6Ja3sNs3Qkm/view?usp=share_link,769,0,0,sports,,,sports,,261,-1434.62,,,,,,https://i.postimg.cc/G2g7nsw-j/deunitedman.jpg,,,,,,,,,,,,,,,,
5,2025-03-18 10:18:00 PM CEST,March 18 2025 4:18 PM,me after every gp this season,https://drive.google.com/file/d/1KU8-ujXAd0qV8V3DsTUUCoDn-5RHFt-g/view?usp=share_link,https://i.postimg.cc/yYjcpSTT/image-5.jpg,2600,379,1,zee,land0sc,what is going on here ‚Å¥ ‚Å∏¬π ‚Å¥‚Å¥ ¬π‚Å∂ ¬≥¬≥,https://i.postimg.cc/XvCkYXnT/profile-5.jpg,https://drive.google.com/file/d/11T1AdGn557BGOXlIc7bPOBeF_WrSW14A/view?usp=share_link,655,0,0,sports,,,sports,,2979,1283.38,,,,,,https://i.postimg.cc/x8zKp6vL/land0sc.jpg,,,,,,,,,,,,,,,,
6,2025-03-18 07:14:00 PM CEST,March 18 2025 1:14 PM,Did we appreciate this era enough ?,https://drive.google.com/file/d/1LxL2S-5qtelm7mYvOcd3GJSlvJ_VQj7s/view?usp=share_link,https://i.postimg.cc/RZc5z4NG/image-6.jpg,387,17,14,Nico,HerndezB37,GO BIRDS ,https://i.postimg.cc/DwqzfKtx/profile-6.jpg,https://drive.google.com/file/d/1LoJV5OPLHavwzuv9am6S2ULRudo1uQI8/view?usp=share_link,121,0,0,sports,,,sports,,404,-1291.62,,,,,,https://i.postimg.cc/Zqsb2VRs/herndexb37.jpg,,,,,,,,,,,,,,,,
7,2025-03-18 07:15:00 PM CEST,March 18 2025,Who is the best midfielder in the world ?,https://drive.google.com/file/d/1xHmdcZ_KZ2x02JmtlkhfTR8X6cSYo8fF/view?usp=share_link,https://i.postimg.cc/d1nZHb2V/image-7.jpg,497,39,11,ADAM || ÿ¢ÿØŸÖ,01AFT_,Visca barca||Messi4ever||wrestling||cinema||#pedriballlondOr,https://i.postimg.cc/htyKtP2b/profile-7.jpg,https://drive.google.com/file/d/1cKj0dbSNOp5OX7kPipttLdAFIowAT0D3/view?usp=share_link,782,0,0,sports,,,sports,,536,-1159.62,,,,,,https://i.postimg.cc/nzRtCz7d/01aft.jpg,,,,,,,,,,,,,,,,
8,2025-03-18 10:03:00 PM CEST,March 18 2025 4:03 pm,"On a scale from 1-10, what is your confidence level in this man?",https://drive.google.com/file/d/1iNUEK2F6jrRskQV0aLlDp7h1TPxEudeS/view?usp=share_link,https://i.postimg.cc/kXPDNX3v/image-8.jpg,73,7,42,DubsMuse,Dubs_Muse,Your Place For All Things WarriorsI powered by @StatMuse | #Dubnation |,https://i.postimg.cc/439jRJq3/profile-8.jpg,https://drive.google.com/file/d/1NQ6MbVQEKmXyb6Sv7rZ-bJp8eeQybqGY/view?usp=share_link,3059,0,0,sports,,,sports,,80,-1615.62,,,,,,https://i.postimg.cc/hGBPVfYM/dubsmuse.jpg,,,,,,,,,,,,,,,,
9,2025-03-19 04:09:00 PM CEST,March 19 2025 10:09 AM,"I rewatched the last 10 games of the Bills season. My biggest takeaways:
‚Ä¢Every DL player outside of Oliver and Rousseau was non-existent (DaQuan and Epenesa)
‚Ä¢Hamlin and Rasul where even worse than I remembered
‚Ä¢WR is a must draft even with Palmer",https://drive.google.com/file/d/1ddYR292OueyML9cfuPV1Kv0kBsWLM0GC/view?usp=share_link,https://i.postimg.cc/ZnVgq5rz/image-9.jpg,444,15,39,BillsCast,BillscastPod,"Buffalo Bills media | Draft Nerds | Run by 
@CalebNetcast
 & 
@AjBud7
 | #BillsMafia | YouTube: https://youtube.com/@buffalobillscast?si=735abFVvuU75395d",https://i.postimg.cc/sDbcdprp/profile-9.jpg,https://drive.google.com/file/d/1Zsz097VwWOy60I2bNN1gx99LjIqL00tb/view?usp=share_link,1013,0,0,sports,,,sports,,459,-1236.62,,,,,,https://i.postimg.cc/nLvQq8hb/billscastpod.jpg,,,,,,,,,,,,,,,,
10,2025-03-20 04:31:00 AM CEST,March 19 2025 10:31 PM,"welcome back to the playoffs demon 
@Tre_MJ_
@PanthersRuined
@praisescorp
@RobWc3rd
@brown_szn
@lilrocketnasa
@Dubsln4",https://drive.google.com/file/d/1RI8sVxt5cF4oDSPdJYYegMQywmOKa11N/view?usp=share_link,https://i.postimg.cc/rwLWpNwc/image-10.jpg,103,5,14,sports enthusiast,imspenser_6,i know ball. | #KeepPounding #GoDawgs Steph Curry + Caitlin Clark + Bryce Young + Phee enthusiast,https://i.postimg.cc/y6tphJNr/profile-10.jpg,https://drive.google.com/file/d/1zoHJ5qaZVsQ7jwc6WtJKohGKxK9mRDEO/view?usp=share_link,3419,0,0,sports,,,sports,,108,-1587.62,,,,,,https://i.postimg.cc/rp03yJjP/imspenser6.jpg,,,,,,,,,,,,,,,,
11,2025-03-19 02:37:00 PM CEST,March 19 2025 8:37 AM,"What determines an MVP:
1. Individual performance 
      -Stats
      -Efficiency 
      -Consistency 
2. Team Success 
      -Team Record 
      -Playoff contention 
3. Impact on games 
      -Leadership 
      -Def/Offensive impact 
4. Narrative and story line 
     -Narrative 
     -Historical Achievements
There is only one player that has all 4 of these this year that stands out the most.",https://drive.google.com/file/d/1MMtBDZfviv8XEq8kZ-sR0MiJg-xlFFA3/view?usp=share_link,https://i.postimg.cc/nL9sx3yn/image-11.jpg,125,19,1,ùôãùôáùòºùôîùôäùôÅùôÅ ùòæùôÑùôèùôî,playoffcity,|Fastest Editor | Worlds Greatest Commenter | Voice of the people | not impersonating | Thunder page but I post what I want #ThunderCity,https://i.postimg.cc/15Sw-ZP73/profile-11.jpg,https://drive.google.com/file/d/1JHqaaYT3xqA7X-MKI_TYuCF-2RUvWuTt/view?usp=share_link,4157,0,0,sports,,,sports,,144,-1551.62,,,,,,https://i.postimg.cc/fLhGHPQh/playoffcity.jpg,,,,,,,,,,,,,,,,
12,2025-03-20 07:04:00 AM CEST,March 20 2025 1:04 AM,Friar,https://drive.google.com/file/d/1qmZlJwLV7uHJ4evNs307IAxqQKMpIUUa/view?usp=share_link,https://i.postimg.cc/SNwF5Vf6/image-12.jpg,71,10,0,Sweet Xyience,SweetXyience,"Commentary of Kings Basketball, Raiders Football, Combat Sports, NFL, Sports Cards, NBA, Politics and Everything Else. Veteran, Always 1st",https://i.postimg.cc/zGG16bnS/profile-12.jpg,https://drive.google.com/file/d/12uRtZu5dtH139qQwx4KtH7gt0FsboqMg/view?usp=share_link,724,0,0,sports,,,sports,,81,-1614.62,,,,,,https://i.postimg.cc/3rP3ptdY/sw-eetxyience.jpg,,,,,,,,,,,,,,,,
13,2025-03-24 02:56:00 PM CEST,March 24 2025 8:56 AM,"Eagles fans 
Who had the most underrated playoff run? 
I‚Äôll start it off: Nolan Smith Jr.",https://drive.google.com/file/d/1LUvO4mtQyQIgSvrm96ali3nljnlfzqRT/view?usp=share_link,https://i.postimg.cc/XNfs3LWK/image-13.jpg,445,34,50,Hurts Defender,856Philly,Project ASC,https://i.postimg.cc/CMntZC4Q/profile-13.jpg,https://drive.google.com/file/d/1Hy844EmyQ2-YrIvw-nWXwsmMWuotahJU/view?usp=share_link,1083,0,0,sports,,,sports,,479,-1216.62,,,,,,https://i.postimg.cc/Zqjrvtq7/856philly.jpg,,,,,,,,,,,,,,,,
14,2025-03-24 01:44:00 PM CEST,March 24 2025 7:44 AM, ,https://drive.google.com/file/d/1WMs5rRq_6FoZlyFyQCmUW3_2eg2Dn8fw/view?usp=share_link,https://i.postimg.cc/nzHCmnsh/image-14.jpg,645,10,37,LegendOfWinning ,LegendOfWinning,That Guy that uploads those Great NBA videos. email:legendofwinning24@gmail.com YT:http://youtube.com/user/BGBL00 Links:https://liinks.co/legendofwinning,https://i.postimg.cc/W3Sq7JjF/profile-14.jpg,https://drive.google.com/file/d/1KrBASb_P4tMioJeW5QR9Wl4PfVsRd3wo/view?usp=share_link,270500,0,0,sports,,,sports,,655,-1040.62,,,,,,https://i.postimg.cc/xjzM2Fmz/legendofwinning.jpg,,,,,,,,,,,,,,,,
15,2025-03-26 02:58:00 AM CEST,March 25 2025 8:58 PM,"Culers, how are you feeling?",https://drive.google.com/file/d/1Qmij3c_TigrNs6qKPTnnC3ZC__gVFw6W/view?usp=share_link,https://i.postimg.cc/D01vpD4M/image-15.jpg,134,6,32,‚òÜ,PkayFcb,"just a culer 
@fcbarcelona",https://i.postimg.cc/yxm1TM0f/profile-15.jpg,https://drive.google.com/file/d/1QBhvsZMu8WxocDu0EBJ6vP4jxVsRQ2ke/view?usp=share_link,511,0,0,sports,,,sports,,140,-1555.62,,,,,,https://i.postimg.cc/DysqhptN/pkayfcb.jpg,,,,,,,,,,,,,,,,
16,2025-03-25 08:01:00 AM CEST,March 25 2025 2:01 AM,"Be a morning star and rock your day with your high energies and positive attitude 
         Good morning X and have a blessed day ahead",https://drive.google.com/file/d/1j993-cfAxetTuy3yd8B0tMN4BsTydJEi/view?usp=share_link,https://i.postimg.cc/zG7nP2nv/image-16.jpg,63,14,46,MoneskiDC,Moneski_DC_,Football lover// Barcelona// Team Messi,https://i.postimg.cc/05Dyxwhp/profile-16.jpg,https://drive.google.com/file/d/1MyjUrvINsbxIZWbnBsv9uMBMRaDw6Yxp/view?usp=share_link,1378,0,0,sports,,,sports,,77,-1618.62,,,,,,https://i.postimg.cc/2Sz03fdJ/moneskidc.jpg,,,,,,,,,,,,,,,,
17,2025-03-31 04:54:00 AM CEST,March 30 2025 10:54 PM,Won the Devin Booker band for band.,https://drive.google.com/file/d/1d7KTbUEzpfXM4wCFGZBxKxntDKhzCMKd/view?usp=share_link,https://i.postimg.cc/DZZ5gkH7/image-17.jpg,1400,65,34,Will,BiasedHouston,BradeauxandWill HoustonLiveRoom,https://i.postimg.cc/05Dyxwhp/profile-16.jpg,https://drive.google.com/file/d/1Zs1PDePr7LIucemWwx3HPVj_BEYWPL4x/view?usp=share_link,45900,0,0,sports,,,sports,,1465,-230.62,,,,,,https://i.postimg.cc/XvF9xGxP/biasedhouston.jpg,,,,,,,,,,,,,,,,
18,2025-03-29 06:18:00 PM CEST,March 29 2025 12:18 PM,"Only one man left to get extended‚Ä¶
Beane get it done ",https://drive.google.com/file/d/1bEHG1c7hUZozAhXZ2AUvzMr0ZTFYXKvy/view?usp=share_link,https://i.postimg.cc/5NKDzgrc/image-18.jpg,359,20,44,SleeperBills,SleeperBills,"Bills News, Highlights, Rumors & more from 
@SleeperHQ
 & #SleeperApp #BillsMafia Go Bills ",https://i.postimg.cc/K4hKG7DW/profile-18.jpg,https://drive.google.com/file/d/1t3WKvRdQYSVjOdXzkcuMDy8T-lqoxKEc/view?usp=share_link,1592,0,0,sports,,,sports,,379,-1316.62,,,,,,https://i.postimg.cc/TPTSgDVR/sleeperbills.jpg,,,,,,,,,,,,,,,,
19,2025-03-30 06:52:00 PM CEST,March 30 2025 12:52 PM,Asante Samuel Jr spotted at Buffalo airport ,https://drive.google.com/file/d/1uaZZnyQQeDJsHtDmAYbQWtWX2NuoORcm/view?usp=share_link,https://i.postimg.cc/Y02MrxXX/image-19.jpg,313,6,28,BillsMuse,BillsMusee,"All about the most cursed but best team in the NFL the Buffalo Bills! affiliated with 
@statmuse
. Diehard Chicago Bulls fan.",https://i.postimg.cc/YC9GzxC1/profile-19.jpg,https://drive.google.com/file/d/1SQL-EpzYrUI7MaUFihRTEfq51Jr3uhbU/view?usp=share_link,11900,0,0,sports,,,sports,,319,-1376.62,,,,,,https://i.postimg.cc/vZn1dR9g/billsmusee.jpg,,,,,,,,,,,,,,,,
20,2025-03-30 08:47:00 PM CEST,March 30 2025 2:47 PM,"""The Horses are prepared for battle but the victory comes from the Lord""
The 2025 NFL Draft hat is icy",https://drive.google.com/file/d/1q4_O64-SKvPevsQU5zZbel1-LXPURKJO/view?usp=share_link,https://i.postimg.cc/Y0L8m5yj/image-20.jpg,474,32,17,Vada Fly ,Vada_Fly,"Vada Fly ‚Ñ¢ Fox5NY Battle Rap Analyst  50,000,000 Views #Giants #Yankees #NYLiberty #GoBlue #RiceGang  #USAFRetired",https://i.postimg.cc/tgGb4XwY/profile-20.jpg,https://drive.google.com/file/d/1xymSgBuqji-50fGESRqobDT4nZ-Q2Kva/view?usp=share_link,51700,0,0,sports,,,sports,,506,-1189.62,,,,,,https://i.postimg.cc/C1gQSf1y/vadafly.jpg,,,,,,,,,,,,,,,,
21,2025-03-30 09:54:00 PM CEST,March 30 2025 3:54 PM,How Old Will You Be When We Celebrate 100 Years Of Wrestlemania?,https://drive.google.com/file/d/1BfQRzgs38xcxoOlkwhmII8rkG5YSUEO6/view?usp=share_link,https://i.postimg.cc/T2jJBcMz/image-21.jpg,5600,534,1600,Tony Montana,SinghRihan98341,"(„Å£‚óî‚ó°‚óî)„Å£  Eat Sleep Watch Wrestling Repeat 
         ss«ùl«ù…îƒ±oŒõ «ù…•‚ä• …üO «ù…îƒ±oŒõ",https://i.postimg.cc/25Ss6VTj/profile-21.jpg,https://drive.google.com/file/d/1o7tSi2yVxhjfNe61NCAL_fM_YfFZvTVz/view?usp=share_link,353,0,0,sports,,,sports,,6134,4438.38,,,,,,https://i.postimg.cc/qvVWBYg6/singhrihan98341.jpg,,,,,,,,,,,,,,,,
22,2025-03-30 11:19:00 AM CEST,March 30 2025 5:19 AM,Eid Mubarak,https://drive.google.com/file/d/1E4gqjZbp8Mu6Mmwo26tVRVoJtkchx0Lt/view?usp=share_link,https://i.postimg.cc/y6wWhMbB/image-22.jpg,1100,129,76,Vikesh,BrokeCivilian,Infinite Potential ,https://i.postimg.cc/PJTzX8z2/profile-22.jpg,https://drive.google.com/file/d/19GcE7kEddkccuhEyFmTJ88WuwEGHVN3Q/view?usp=share_link,25900,0,0,sports,,,sports,,1229,-466.62,,,,,,https://i.postimg.cc/LsnmMLGy/brokecivilian.jpg,,,,,,,,,,,,,,,,
23,2025-03-30 01:46:00 PM CEST,March 30 2025 7:46 AM,"Saar 300 saar 400 saar.......
Mitchell Starc aaja karwa tahu 300ü§°ü§°
let's laugh at Uppal road bully blind sloggers a$$RH
#DCvSRH #DCvsSRH",https://drive.google.com/file/d/1JS2_SqHHTpvQ737G-eJyctiYPmfTVZ6Q/view?usp=share_link,https://i.postimg.cc/tTqFjKH8/image-23.jpg,74,6,78,Jonas Kahnwald,JonasKahnwaldOG,"VK¬π‚Å∏ | ICT | RCB | ABD¬π‚Å∑ | EP‚Å∏ | HP¬≥¬≥  | SG‚Å∑‚Å∑ | SI‚Å¥¬π |
Backup:- 
@JonasKahnwaldFR",https://i.postimg.cc/159hTC6N/profile-23.jpg,https://drive.google.com/file/d/1vpv2Gso_f_ZOzoDhy7RhanjQ0soMFZkt/view?usp=share_link,937,0,0,sports,,,sports,,80,-1615.62,,,,,,https://i.postimg.cc/7ZpX9y1K/jonaskahnwaldog.jpg,,,,,,,,,,,,,,,,
24,2025-03-29 04:55:00 PM CEST,March 29 2025 10:55 AM,"Christian Walker is getting very unlucky currently
0-7, 5 balls hit 100+ mph. 
He‚Äôs bound to get something started soon.",https://drive.google.com/file/d/1C0Tod9JUcx2IseGCW731rz4H-oBW5kW0/view?usp=share_link,https://i.postimg.cc/j2Xxr1t3/image-24.jpg,764,28,16,Astros Nation,robbins_ja9341,"#1 Rangers Hater. TBL, TBBL, and TFL Coach. #1 Yordan Fan.",https://i.postimg.cc/tJnZHq82/profile-24.jpg,https://drive.google.com/file/d/1AQ41D-nuAaW1aHHTcwmI0rHxAC5JTgR7/view?usp=share_link,489,0,0,sports,,,sports,,792,-903.62,,,,,,https://i.postimg.cc/G22F1LCP/robbinsja9341.jpg,,,,,,,,,,,,,,,,
25,2025-03-30 04:36:00 AM CEST,March 29 2025 10:36 PM,Lakers finally get another win let me know what you thought about tonight's game and what could be improved going into the playoffs,https://drive.google.com/file/d/1RAJAMrVxs-Tl400KrHt7BniHKc7Y0LVQ/view?usp=share_link,https://i.postimg.cc/SQ5V6K4s/image-25.jpg,109,3,27,2„ÄéX„Äè„Äéx„Äè„ÄéX„Äè‚ôî,2xgocrazy2,"#Lakeshow
The Final Boss of Lakers Community the funnest place on Twitter",https://i.postimg.cc/s2S3yB2B/profile-25.jpg,https://drive.google.com/file/d/1jxAXRHBjtv4MkLap4e8b8VFAv6VEl9uc/view?usp=share_link,13100,0,0,sports ,,,sports ,,112,-1583.62,,,,,,https://i.postimg.cc/15pVNhCG/2xgocrazy2.jpg,,,,,,,,,,,,,,,,
26,2025-03-29 03:52:00 PM CEST,March 29 2025 9:52 AM,Glassmorphic Music on Mac (concept) ,https://drive.google.com/file/d/1NROUi6L1J50pZLayQFMXmlWnklWr79_D/view?usp=share_link,https://i.postimg.cc/zXGbGC6H/image-26.jpg,1300,44,41,Arjun Garg ,imarjungarg,"I  ‚Ä¢ Technology explorer, thinker & simplifier ‚Ä¢ Foodie ‚Ä¢ Grit & gratitude believer",https://i.postimg.cc/nhbdgMNS/profile-26.jpg,https://drive.google.com/file/d/10OIsn0_NBtJwzzqdRAYfrKECPIlJkEa4/view?usp=share_link,387,0,0,technology ,,,technology ,,1344,-351.62,,,,,,https://i.postimg.cc/KYCXtV4b/imarjungarg.jpg,,,,,,,,,,,,,,,,
27,2025-03-31 09:11:00 PM CEST,March 31 2025 3:11 PM,"The number of Teslas I see in my neighborhood is insane and keeps growing every day. 
On a 5-minute morning drive, I always spot more than 10. 
This road should be renamed ‚ÄòTesla Drive‚Äô.
Don‚Äôt you think so? 
$TSLA",https://drive.google.com/file/d/1SSFLEJL8kRSxU51tY43YNe9fdg51BUlB/view?usp=share_link,https://i.postimg.cc/Zqt6n9rk/image-27.jpg,495,41,22,Cinta,CintaMavine,Associate Professor. PhD. Engineer. #Tesla. $TSLA.    HERE FOR FUN.,https://i.postimg.cc/Kj5nWvTw/profile-27.jpg,https://drive.google.com/file/d/1M43TgL2KmvZ76IDkV7XVOlB0RlFB88Tc/view?usp=share_link,1094,0,0,technology ,,,technology ,,536,-1159.62,,,,,,https://i.postimg.cc/pdhyJwVX/cintamavine.jpg,,,,,,,,,,,,,,,,
28,2025-04-02 10:14:00 AM CEST,April 2 2025 4:14 AM,15 ChatGPT Prompts to learn any complex topic 10x faster: (Try it now & thank me later),https://drive.google.com/file/d/1l5QPlOBsHMUPTKIvGh2lPFFbRyGW808h/view?usp=share_link,https://i.postimg.cc/W1rX5c8v/image-28.jpg,71,24,13,Zabilhullah Atal,ZabihullahAtal,"CS Researcher, IEEE/Nature/Hindawi Author.
I am Writing about AI Tools, Digital Products, and Tech Updates. DM ‚úâÔ∏è for Collaboration.",https://i.postimg.cc/tTpJMdzR/profile-28.jpg,https://drive.google.com/file/d/1qRMYJtXkHMd-tGl0FPH_2MJ0Iol4eyAm/view?usp=share_link,37400,0,0,technology ,,,technology ,,95,-1600.62,,,,,,https://i.postimg.cc/28DhGFtN/zabihullahatal.jpg,,,,,,,,,,,,,,,,
29,2025-04-01 03:40:00 AM CEST,April 1 2025,"Well, after much deliberation, I finally decided that the space theme wrap I chose for my Cybertruck just wasn't the right thing after all... so I had the wrap removed & it's back to its original blank artist canvas of stainless steel silver. I know you'll miss TARS but it feels right.",https://drive.google.com/file/d/1ZX0gevlE2X93Rk5oX0LIuIJoapvhmgH7/view?usp=share_link,https://i.postimg.cc/Y0M4gVRM/image-29.jpg,25,1,12,CJP the Panda,mrtimer2022,I post longform observations & put out enhancing replies!  SpaceX  Passionate owner of ‚Äò24 Tesla Foundation Cyberbeast  ‚Äò23 Model Y and Powerwall3‚Äôs,https://i.postimg.cc/V62fcjqb/profile-29.jpg,https://drive.google.com/file/d/16iiSYrq0igFPZJrR86VSfnI7TgiXubPh/view?usp=share_link,5813,0,0,technology ,,,technology ,,26,-1669.62,,,,,,https://i.postimg.cc/4xqHq635/mrtimer2022.jpg,,,,,,,,,,,,,,,,
30,2025-04-01 03:54:00 AM CEST,March 31 2025 9:54 PM,"programmers, agree?",https://drive.google.com/file/d/1VWGcyvFkhKQu7J6OFyVTvtIic6AR66E1/view?usp=share_link,https://i.postimg.cc/sgsrzzXV/image-30.png,741,58,60,coder_grirl,Official_ly_Dev,"Web developer || Tweets about HTML, CSS, JavaScript, React-Js|| A reader |memes|",https://i.postimg.cc/28zJS10q/profile-30.jpg,https://drive.google.com/file/d/1wwjhFX0y8b3GYQnXPfV0KVTb2D8jSg6W/view?usp=share_link,1750,0,0,technology ,,,technology ,,799,-896.62,,,,,,https://i.postimg.cc/YSVc1Sbj/official-ly-dev.jpg,,,,,,,,,,,,,,,,
31,2025-03-31 06:22:00 PM CEST,March 31 2025 12:22 PM,Do you think Apple needs to improve its Apple Intelligence?,https://drive.google.com/file/d/1EYzbCx93xKwWJFkTGBHJMYKoS36HB6EN/view?usp=share_link,https://i.postimg.cc/vTXZFms6/image-31.jpg,247,19,23,Ranjan Singh,Tech_Marcell,ùï© ¬¢œÉ–∏—Ç—î–∏—Ç ¬¢—è—îŒ±—ÇœÉ—è,https://i.postimg.cc/3R1XSxm6/profile-31.jpg,https://drive.google.com/file/d/10vCwYbQhYaeeD8aCBXoHbNdxG_SbWJTb/view?usp=share_link,1418,0,0,technology ,,,technology ,,266,-1429.62,,,,,,https://i.postimg.cc/bwZ0MNqQ/techmarcell-2.jpg,,,,,,,,,,,,,,,,
32,2025-04-01 03:53:00 AM CEST,March 31 2025 9:53 PM,Python From Beginner to Advanced in One Guide,https://drive.google.com/file/d/13SE-_ZSEzV2OKnz46yN4066hH2JUlfCC/view?usp=share_link,https://i.postimg.cc/PJ70wGbR/image-32.jpg,806,155,4,Python Coding,clcoding,Learn #python tips and tricks with code I AI community partners. https://t.me/pythonclcoding For Promotion reach us Email: info@clcoding.com,https://i.postimg.cc/VNDv2rZj/profile-32.jpg,https://drive.google.com/file/d/1YUy4EvXb1LV-vxX2D49h9TYuEAOTEOkH/view?usp=share_link,446800,0,0,technology ,,,technology ,,961,-734.62,,,,,,https://i.postimg.cc/vTHs3n7L/clcoding.jpg,,,,,,,,,,,,,,,,
33,2025-04-01 04:21:00 PM CEST,April 1 2025 10:21 AM,Ruby on Rails paid for these,https://drive.google.com/file/d/1vE14BuY9ZvgU0nTp7Rbk6929tgYB6JZo/view?usp=share_link,https://i.postimg.cc/HsPG7MWh/image-33.jpg,48,0,8,luisk,luis_insights,Privacy advocate | Tech & AI Enthusiast | Ruby on Rails . Accelerating  in Public - Growth with Organic Reviews https://skyrocketreviews.co.uk,https://i.postimg.cc/KYNfVfyJ/profile-33.jpg,https://drive.google.com/file/d/1SsCwD6gzHaFUdvPHiMPuettx-7mcCWmU/view?usp=share_link,259,0,0,technology ,,,technology ,,48,-1647.62,,,,,,https://i.postimg.cc/cC0sPHYT/luisinsights.jpg,,,,,,,,,,,,,,,,
34,2025-03-31 06:40:00 PM CEST,March 31 2025 12:40 PM,NLP basics‚àí Transformer and BART,https://drive.google.com/file/d/1iWXooAHFO62nPXigly_AhSYUU-wmdHES/view?usp=share_link,https://i.postimg.cc/Pqvtcbyg/image-34.jpg,460,66,3,Arjun,arjunkocker,,https://i.postimg.cc/mgchKgfq/profile-34.jpg,https://drive.google.com/file/d/1o1IVYxSHwv7eNwUv4FfrmbKi05CVzFMP/view?usp=share_link,3123,0,0,technology ,,,technology ,,526,-1169.62,,,,,,https://i.postimg.cc/L6wRRnBv/arjunkocker.jpg,,,,,,,,,,,,,,,,
35,2025-03-31 10:52:00 PM CEST,March 31 2025 4:52 PM,"I‚Äôm ready!
$INTC",https://drive.google.com/file/d/1HAF05s_CsctyfblfpLct_VKMXUBJrJhn/view?usp=share_link,https://i.postimg.cc/HxSBy5DL/image-35.jpg,29,0,4,Martin Meringdal,MeringdalMartin,forgepointgroup,https://i.postimg.cc/N0ktz3MS/profile-35.jpg,https://drive.google.com/file/d/1ItFzm4Z784MwdDEsalZeuD-Qgvb-UbEx/view?usp=share_link,676,0,0,technology ,,,technology ,,29,-1666.62,,,,,,https://i.postimg.cc/zDyZXTDW/meringdalmartin.jpg,,,,,,,,,,,,,,,,
36,2025-04-01 04:32:00 AM CEST,March 31 2025 10:32 PM,Can you update Bitaxe Gamma 601 without a computer? What happens if I don't update to v2.6.1?,https://drive.google.com/file/d/1IOxWCm1h5u0I80Ayca9ay9qxvO7tou3O/view?usp=share_link,https://i.postimg.cc/HxSBy5DL/image-35.jpg,8,1,3,PuNKaFiRE,PuNKaFiRE,,https://i.postimg.cc/k4Y0rqd1/profile-36.jpg,https://drive.google.com/file/d/1ojwtfaKE1R6KMuZYnEEMWw1pm2jWq-Cr/view?usp=share_link,89,0,0,technology ,,,technology ,,9,-1686.62,,,,,,https://i.postimg.cc/hPh50nQd/punkafire.jpg,,,,,,,,,,,,,,,,
37,2025-04-03 06:45:00 PM CEST,April 3 2025 12:45 PM,"I am currently reading this book, but it's a bit  difficult,  can anyone suggest some easier books for algorithms as well as coding",https://drive.google.com/file/d/1nyGoCkqt_p12eEEvWMDjdRTljW9m603p/view?usp=share_link,https://i.postimg.cc/L6ffLfj8/image-37.jpg,373,43,18,Sleepy (ML/DL),KrishnaNaraKun,"ML---NLP---AI---CV

30-days challenge (Data Science)
27/3/25 - 26/4/25",https://i.postimg.cc/kGxL28bZ/profile-37.jpg,https://drive.google.com/file/d/1fP_BnXLN-Fa2DeuS8kRdH0XSrKFgVkOs/view?usp=share_link,667,0,0,technology ,,,technology ,,416,-1279.62,,,,,,https://i.postimg.cc/d1WyW2PJ/krishnanarakun.jpg,,,,,,,,,,,,,,,,
38,2025-04-03 06:03:00 PM CEST,April 3 2025 12:03 PM,"Found my first block, I know I know.... it's DGB, but had to test the found block message. Haha still a good feeling. Running it for 4 days on Solo DGB. 
I know, I know... it's not BTC. But, I had to try it out.",https://drive.google.com/file/d/1QrODGvg0-RTMT0cvllN0X8JU-7I-BrYq/view?usp=share_link,https://i.postimg.cc/76Md5bXs/image-38.jpg,257,16,36,Matthias || FCT,Muh_Thahy_Uhs,Building things for everyone to gain Financial Freedom... The smart user-friendly way. ,https://i.postimg.cc/wMfLc4Ls/profile-38.jpg,https://drive.google.com/file/d/17Lf9rI7Dxq0wxLnvN4sKo5BFaoG6ZwGz/view?usp=share_link,813,0,0,technology ,,,technology ,,273,-1422.62,,,,,,https://i.postimg.cc/vT4dJVTr/muhthahyuhs.jpg,,,,,,,,,,,,,,,,
39,2025-04-03 03:41:00 PM CEST,April 3 2025 9:41 AM,"I‚Äôm curious to see your home hashing power!
Show me your #proofofheat!
I‚Äôll start, here‚Äôs mine so far.",https://drive.google.com/file/d/1JFm3nioppBBdSkFW_UKA5-wGgPkSxNAw/view?usp=share_link,https://i.postimg.cc/Df0PJ8CS/image-39.jpg,107,6,17,LiveWire,BTCLiveWire,"#Bitcoin Class 2020  | Stay At Home Dad  | Alumni 
@indianauniv
 | Season Ticket Holder 
@Lions
 | #bitaxe hobbyist",https://i.postimg.cc/R0KYsKP0/profile-39.jpg,https://drive.google.com/file/d/11jhK4n7WODEtFZhyEii3tsQYW-wc4O5O/view?usp=share_link,730,0,0,technology ,,,technology ,,113,-1582.62,,,,,,https://i.postimg.cc/DZNJT7CG/btclivewire.jpg,,,,,,,,,,,,,,,,
40,2025-04-03 01:05:00 PM CEST,April 3 2025 7:05 AM,"You have just 3 sentence to give your best  tech advice to beginners. Something they shouldn't forget. 
What would you say?",https://drive.google.com/file/d/184YXTqi5NONuCupF9Fblqs029Cl3MLAb/view?usp=share_link,https://i.postimg.cc/65Ykt71Y/image-40.jpg,466,44,106,Tech_guy,Tech_Baddo,"I'm a Full Stack software engineer. I love providing solutions to your software problems, Think of a software, i will build it for you.",https://i.postimg.cc/sxkSNQHV/profile-40.jpg,https://drive.google.com/file/d/1MmRdABVzs5aJmKPGRhdvU3LeBhHgJlLh/view?usp=share_link,1019,0,0,technology ,,,technology ,,510,-1185.62,,,,,,https://i.postimg.cc/RZhGBLLJ/techbaddo.jpg,,,,,,,,,,,,,,,,
41,2025-04-03 06:50:00 AM CEST,April 3 2025 12:50 AM,"Previously, Siri could handle lengthy calculations with ease. Now, it offloads them to ChatGPT, making the ‚ÄúNew Siri‚Äù no better than the ‚ÄúOld Siri.‚Äù",https://drive.google.com/file/d/14R84o8E-Hhg4lpIUUaFfvvA-8wBwy7Mp/view?usp=share_link,https://i.postimg.cc/MpJQZTMf/image-41.jpg,660,19,33,Apple Mis-Intelligence,singhalrishi27,Lvl 21 | Tech Enthusiast | Engineer | SwiftUI Dev | iOS & macOS  | Sharing insights & updates on Tech | Open for tech talk!,https://i.postimg.cc/fb82ksRx/profile-41.jpg,https://drive.google.com/file/d/1K-S00tYGFrAwGTCInKLOU-Bu-viX7gBj/view?usp=share_link,6520,0,0,technology ,,,technology ,,679,-1016.62,,,,,,https://i.postimg.cc/HkMHBX8X/singhalrishi27.jpg,,,,,,,,,,,,,,,,
42,2025-04-02 12:40:00 PM CEST,April 2 2025 6:40 AM,T minus 5 days!! Can‚Äôt wait to get my hands on this robot!,https://drive.google.com/file/d/1EJRBet3aFMGkE5R5CIIVigKraEdGRAF-/view?usp=share_link,https://i.postimg.cc/HxYNqd4f/image-42.jpg,430,14,32,Clean Tesla ,CleanTsla,$TSLA Shareholder | Tesla Owner  | Clean Tesla,https://i.postimg.cc/N0F8JHQH/profile-42.jpg,https://drive.google.com/file/d/1bVoIzvpDbIWbdoknXSNKi2hTjKN-H3LK/view?usp=share_link,786,0,0,technology ,,,technology ,,444,-1251.62,,,,,,https://i.postimg.cc/hP6k76Y0/cleantsla.jpg,,,,,,,,,,,,,,,,
43,2025-04-02 07:47:00 PM CEST,April 2 2025 1:47 PM,"nightwhisper is an insane model at coding added today to LM Arena and WebDev Arena  ""Build me a working prototype of the X Platform""",https://drive.google.com/file/d/19SUc9Pf-ywdD0kruzj_S3H55UuGLrTbh/view?usp=share_link,https://i.postimg.cc/5thBz3jp/image-43.jpg,338,42,19,LEGIT,legit_api,"AI is pretty cool huh, well APIs are too!",https://i.postimg.cc/hvsfR2rP/profile-43.jpg,https://drive.google.com/file/d/1F4bJ9HbLvj1eYWo6FVDJ-5XSMexukFce/view?usp=share_link,6714,0,0,technology ,,,technology ,,380,-1315.62,,,,,,https://i.postimg.cc/K8qRLnLb/legitapi.jpg,,,,,,,,,,,,,,,,
44,2025-04-03 03:26:00 AM CEST,April 2 2025 9:26 PM,"What is the base storage Apple should allow as a selection in an iPhone? 
128gb
256gb
512gb
1Tb
2Tb
5Tb",https://drive.google.com/file/d/1Fhwj6VTxDF_QCbmGjwyvoy9QTgv_IeVZ/view?usp=share_link,https://i.postimg.cc/CMmZT7Yt/image-44.jpg,35,2,27,MarzBusX,Ryan_Turner_01,"Human-made on Earth Apple, Tesla, $TSLA, and Financial Content all found right here! *Check out the Links* p.s. I like to joke around lol broke ass HW3 owner",https://i.postimg.cc/TPNzFggM/profile-44.jpg,https://drive.google.com/file/d/1_LUS8q0iwaTr3yTRxj_TnrxNLYCvd4E7/view?usp=share_link,1161,0,0,technology ,,,technology ,,37,-1658.62,,,,,,https://i.postimg.cc/dQZW7Bb2/ryanturner01.jpg,,,,,,,,,,,,,,,,
45,2025-04-03 05:51:00 PM CEST,April 3 2025 11:51 Am,Have you ever started a side project and then abandoned it halfway through?,https://drive.google.com/file/d/1-8JVHlGIcSI9YdWcRDYwK43NgY534tbl/view?usp=share_link,https://i.postimg.cc/ydGwc2ct/image-45.jpg,58,5,32,Ammar yasser,Ammaryasser404,"Sharing coding tips, startup insights, and memes‚Äîlearn, build, and laugh.",https://i.postimg.cc/C57HrHnb/profile-45.jpg,https://drive.google.com/file/d/1JR3SmlIdWU14zvNrVdPu-o-Mqut6D0_K/view?usp=share_link,3046,0,0,technology ,,,technology ,,63,-1632.62,,,,,,https://i.postimg.cc/qqmJ2wKd/ammaryasser404.jpg,,,,,,,,,,,,,,,,
46,2025-04-02 05:39:00 PM CEST,April 2 2025 11:39 AM,"Just built a backend server in Go using PostgreSQL for the database, and tools like Mux, Chi, Migrate, and Air. As an Express developer, dealing with pointers in Go was a new challenge, but it was a great learning experience! #golang #backend #PostgreSQL",https://drive.google.com/file/d/1PyUyPbSEdFQwTq1PidmK9EYJhkKRoIEX/view?usp=share_link,https://i.postimg.cc/nc1fwSJj/image-46.jpg,133,13,5,satyam kale,satyamkale27,Open-source enthusiast |  Love to contribute | Learning #golang  | Sharing my #WebDevelopment journey | GitHub: http://github.com/satyamkale27,https://i.postimg.cc/hGVm3bHh/profile-46.jpg,https://drive.google.com/file/d/1fLXIM3g6uq_RzXh65DTjRHoWWMjI_Rcp/view?usp=share_link,97,0,0,technology ,,,technology ,,146,-1549.62,,,,,,https://i.postimg.cc/sDypV4sD/satyamkale27.jpg,,,,,,,,,,,,,,,,
47,2025-04-02 09:28:00 PM CEST,April 2 2025 3:28 PM,"Confession time. I did not believe all the FSD hype from X users like 
@WholeMarsBlog
@AIDRIVR
@DirtyTesLa
 and even 
@elonmusk
.
I was wrong.
I picked Talos up Monday. I did not ""drive"" Talos for the first 50 miles. I pulled out of Tesla Delivery with FSD engaged and had a flawless drive on a diverse route including two-lane, divided 4 lane, highways, exit ramp construction, stop lights, stop signs, unprotected left turns, right turns on red... I did a few more trips and then back home all with FSD. My first 50 miles, all FSD, no disengagements. Then my few trips Tuesday were mostly the same.
FSD far exceeds my expectations. 97 of my first 100 miles were with FSD. I had only one safety disengagement, a judgement call where I braked after a right lane change behind a car with much less gap than I am used to. I drove 3 miles with FSD turned off just to see how the car felt and handled when pushed. I also wanted to experience maximum acceleration which is a hoot. There is only one other situation my wife uses that word!
More posts and videos to come.",https://drive.google.com/file/d/1lqQFwYUji0-DmSH7KOB3XavhCRjF6oBO/view?usp=share_link,https://i.postimg.cc/MpX3b9K8/image-47.jpg,2000,188,89,Talos Dreams,TalosDreams,"Adventures in Artificial Intelligence, Technology, Politics, Space, and more.",https://i.postimg.cc/wBkvmWC5/profile-47.jpg,https://drive.google.com/file/d/1DPMP5fxSVrPm3KhMIXPbt7e37Dr4d4BO/view?usp=share_link,555,0,0,technology ,,,technology ,,2188,492.38,,,,,,https://i.postimg.cc/XNybV9xh/talosdreams.jpg,,,,,,,,,,,,,,,,
48,2025-04-02 09:11:00 PM CEST,April 2 2025 3:11 PM,"Did you install iOS 18.5 Beta 1?
A) Yes, right now
B) Probably not",https://drive.google.com/file/d/1HRskso46zm0lAXQnaqxPgt77l2eEAne_/view?usp=share_link,https://i.postimg.cc/gJcZ8TmV/image-48.jpg,65,4,25,Ranjan Singh,Tech_Marcell,ùï© ¬¢œÉ–∏—Ç—î–∏—Ç ¬¢—è—îŒ±—ÇœÉ—è,https://i.postimg.cc/3R1XSxm6/profile-31.jpg,https://drive.google.com/file/d/1X3Yt0L4H_MaHe92gvedQuAocjvNaOFtN/view?usp=share_link,1445,0,0,technology ,,,technology ,,69,-1626.62,,,,,,https://i.postimg.cc/NF8CKGKy/tech-marcell.jpg,,,,,,,,,,,,,,,,
49,2025-04-04 12:01:00 AM CEST (April 4),April 3 2025 6:01 PM,"The S&P 500‚Äôs 4.8% drop represents a five standard deviation move based on the past year‚Äôs data. At this rate, the benchmark registered its worst daily drop since June 2020, while its losses from February‚Äôs peak have extended to 12%",https://drive.google.com/file/d/1R9KzIjIlAHw_RH1WBmyThs3oDR7us-EC/view?usp=share_link,https://i.postimg.cc/R0SFDJy9/image-49.jpg,32,6,10,Menthor Q,MenthorQpro,Quant-Driven Market Intelligence| Risk Disclosure,https://i.postimg.cc/4xyk5WHb/profile-49.jpg,https://drive.google.com/file/d/1wpOmbcoxpBAfaD_WFbnLnZERfNBGwlFs/view?usp=share_link,65900,0,0,technology ,,,technology ,,38,-1657.62,,,,,,https://i.postimg.cc/vTcPY7Wm/menthorqpro.jpg,,,,,,,,,,,,,,,,
50,2025-04-03 05:54:00 PM CEST,April 3 2025 11:54 AM,"The Longstar fleet is approaching reflectively.
All ideas welcome.
I still need to narrow down the symbolic ""nose art"" for each.
Lady Columbia goes west 
Carl Sagan Golden Disk
Vitruvian  Starman or Optimus 
We brake for nobody
Columbus Santa Marina cross
Leif Erickson Crow",https://drive.google.com/file/d/14HrJOnBTZh1rquExVSzTW9-CdIfcs8DC/view?usp=share_link,https://i.postimg.cc/XYQBK07s/image-50.jpg,25,3,6,Moonsteaders,moonsteaders ,"Daniel Ramer: Husband, Father, Space Artist, Optimist Children's Author, Working to inspire this present space-age. Check out my highlights to see my Art.",https://i.postimg.cc/rFbgBjY9/profile-50.jpg,https://drive.google.com/file/d/1gD2lyniLivCZkF29Xgo7sGIQHBTJwpUF/view?usp=share_link,1660,0,0,technology ,,,technology ,,28,-1667.62,,,,,,https://i.postimg.cc/XYJ9TNkV/moonsteaders.jpg,,,,,,,,,,,,,,,,
51,2025-04-03 05:09:00 AM CEST,April 2 2025 11:09 PM,What is y‚Äôall‚Äôs favorite Ariana Grande era aesthetically?,https://drive.google.com/file/d/18oLkg0D4KgSq_V6_Qcqk5uur3oH58uIq/view?usp=share_link,https://i.postimg.cc/SK9qSW-5c/image-51.jpg,2000,132,253,Nevada,thecheeries,I‚Äôm a fan girl who posts nonsense about fan girl things. Film. Literature. Lesbian. I shall run this page and my world in pink,https://i.postimg.cc/VNMYqK2Z/profile-51.jpg,https://drive.google.com/file/d/1mb17D6GL4_HVCzXcaLaJm8onIcF1DpML/view?usp=share_link,2142,0,0,entertainment,,,entertainment,,2132,436.38,,,,,,https://i.postimg.cc/x1VTr62t/thecheeries-2.jpg,,,,,,,,,,,,,,,,
52,2025-04-04 02:37:00 AM CEST,April 3 2025 8:37 PM,"A song that doesn‚Äôt get talked about much ? 
I‚Äôll start",https://drive.google.com/file/d/16FEfvHsyfGvWFuZtKziv3LT7nOdL6oO7/view?usp=share_link,https://i.postimg.cc/kMpjckDX/image-52.jpg,1200,188,53,Byrd,Officialbyrd,,https://i.postimg.cc/XvDzvWsT/profile-52.jpg,https://drive.google.com/file/d/1KyoINwMGPTRknQV7p9lB3FR3kGkpIzr8/view?usp=share_link,260,0,0,entertainment,,,entertainment,,1388,-307.62,,,,,,https://i.postimg.cc/7hHNh30z/officialbyrd.jpg,,,,,,,,,,,,,,,,
53,2025-04-05 04:27:00 PM CEST,April 5 2025 10:27 AM,What‚Äôs a Marvel Film that the majority hates but you secretly love?,https://drive.google.com/file/d/1OTEWdaOTjzWR4Pa3hS19PrTiU8gPVYsN/view?usp=share_link,https://i.postimg.cc/5tX56tqB/image-53.jpg,1000,117,238,Dr.Doom,Doctor_DoomX,·¥ç·¥Ä Ä·¥†·¥á ü “ì·¥Ä…¥·¥Ä·¥õ…™·¥Ñ | ·¥ç·¥Ñ·¥ú ·¥õ·¥°·¥á·¥á·¥õs ,https://i.postimg.cc/Y2Nznk1M/profile-53.jpg,https://drive.google.com/file/d/1cizvvtszEX7TrZoAG7a-7ordPZ96Tbva/view?usp=share_link,137,0,0,entertainment,,,entertainment,,1117,-578.62,,,,,,https://i.postimg.cc/G38whb7p/doctordoomx.jpg,,,,,,,,,,,,,,,,
54,2025-04-05 01:55:00 AM CEST,April 4 2025 7:55 PM,"PlaqueBoyMax just dropped an untitled link with 5 songs from fiveforever V1! (2024)
beenhadswag
yellowlambtruck (balenciaga)
kbkbkb
plussizebags
chromeheartchucks",https://drive.google.com/file/d/1XOW1afkadgQlaMRKUhRQ3VjP1oCZ1M3i/view?usp=share_link,https://i.postimg.cc/tTCjhLJN/image-54.jpg,3400,85,43,PlaqueBoyMaxUpdates,PlaqueReport,"Official Update Page For Everything PlaqueBoyMax (Reliable & Confirmed Updates) | Not Impersonating 
@plaqueboymax
 | Turn Post Notis On!",https://i.postimg.cc/Hxg7Xcv5/profile-54.jpg,https://drive.google.com/file/d/1hZOwZRseFPb4esCblkN0FFMGYNTLrkHU/view?usp=share_link,49900,0,0,entertainment,,,entertainment,,3485,1789.38,,,,,,https://i.postimg.cc/kXf7273R/plaquereport.jpg,,,,,,,,,,,,,,,,
55,2025-04-05 03:30:00 PM CEST,April 5 2025 9:30 AM,an we go on a date ?,https://drive.google.com/file/d/17WwN-ojYkI3Ro_IbhPNDFVxhj6DsIcjp/view?usp=share_link,https://i.postimg.cc/qvJHfPXV/image-55.jpg,557,20,106,Dougles_f3,Douglesyy,  ,https://i.postimg.cc/ZR54GJC2/profile-55.jpg,https://drive.google.com/file/d/1fHgHP_zrtqi8R75yU0oWnQ5ihRpd2mhn/view?usp=share_link,3395,0,0,entertainment,,,entertainment,,577,-1118.62,,,,,,https://i.postimg.cc/dts2jVbs/douglesyy.jpg,,,,,,,,,,,,,,,,
56,2025-04-05 09:25:00 PM CEST,April 5 2025 3:25 PM,MORE CHAOS OFFICIAL SNIPPET THREAD,https://drive.google.com/file/d/16ZAFOFtwUG7cZp0iR4BwnA05p-9wE-Ow/view?usp=share_link,https://i.postimg.cc/DyWbrNbh/image-56.jpg,2500,7,11,!!,younekeuser,  ,https://i.postimg.cc/76jP0pZR/profile-56.jpg,https://drive.google.com/file/d/1_hyy2IYa9PYEqJYJmrsy5HOln9wfrTLD/view?usp=share_link,75,0,0,entertainment,,,entertainment,,2507,811.38,,,,,,https://i.postimg.cc/L5fkXx0N/younekeuser.jpg,,,,,,,,,,,,,,,,
57,2025-04-06 08:12:00 PM CEST,April 6 2025 2:12 PM,Who claims Aliigator Tears?,https://drive.google.com/file/d/1Rk6yttXGI0YULVAYwYSqboETF4HAHu60/view?usp=share_link,https://i.postimg.cc/Y9ZLZNJZ/image-57.jpg,891,57,78,THE BEYONCE CULT ,thebeyoncecult,fan account ,https://i.postimg.cc/0y5vM8CQ/profile-57.jpg,https://drive.google.com/file/d/1p8dzxImBwyzratva3wFzH9rpYMWTstag/view?usp=share_link,556,0,0,entertainment,,,entertainment,,948,-747.62,,,,,,https://i.postimg.cc/CKY18mrz/thebeyoncecult.jpg,,,,,,,,,,,,,,,,
58,2025-04-05 04:34:00 AM CEST,April 4 2025 10:34 PM,I didn't know this lady can drive,https://drive.google.com/file/d/1CY0jIJ_n3dR_AX0Ikn4nWugbNGcJ7Eht/view?usp=share_link,https://i.postimg.cc/9Q0Vw34P/image-58.jpg,2700,64,20,"the boy, the lightning, the thunder",bdaymp4,"lover of women, fashion enthusiast, film, comics kinda",https://i.postimg.cc/VsFHSXZq/profile-58.jpg,https://drive.google.com/file/d/10AV9K0tUwU5elYfCOtCDefZZoIif_Bad/view?usp=share_link,628,0,0,entertainment,,,entertainment,,2764,1068.38,,,,,,https://i.postimg.cc/QdzqfrDF/bdaymp4.jpg,,,,,,,,,,,,,,,,
59,2025-04-05 02:14:00 AM CEST,April 4 2025 8:14 PM,hey guys which album matches my handwriting,https://drive.google.com/file/d/1BWWhIl_XVWNnhwvqNijKdqW1kTmM9CQG/view?usp=share_link,https://i.postimg.cc/X77kRWD0/image-59.jpg,675,12,54,lex ‚∏Ü‚∏â ‚ä¨ loves polarize,dunsafterglow,‚ãÜ¬∑Àö ‡ºò * domingo en fuego. | priv:,https://i.postimg.cc/sDQ7FrWM/profile-59.jpg,https://drive.google.com/file/d/1BSNr5mq86B2M4AoNJ4YRKF0C9HmGrNGl/view?usp=share_link,765,0,0,entertainment,,,entertainment,,687,-1008.62,,,,,,https://i.postimg.cc/fb8nkyQV/dunsafterglow.jpg,,,,,,,,,,,,,,,,
60,2025-04-05 02:34:00 AM CEST,April 4 2025 8:34 PM,"Spotify goes and changes shit around again, and look at who sold less.",https://drive.google.com/file/d/18gNRMm8Op5Wu0xZxkiHdxYveQBrp39cY/view?usp=share_link,https://i.postimg.cc/2jqZh5Jy/image-60.jpg,668,42,40,Jay,Afrikanfreak1,Go Pack Go!!!! Milwaukee Bucks Octobers very own!! Hip Hop Historian/My opinion matters more than yours,https://i.postimg.cc/prNhR9zy/profile-60.jpg,https://drive.google.com/file/d/1gCOQkCRQyygPVZFu4MzGqOYNQXV3GfM7/view?usp=share_link,1694,0,0,entertainment,,,entertainment,,710,-985.62,,,,,,https://i.postimg.cc/3JMnTh0m/adrikanfreak1.jpg,,,,,,,,,,,,,,,,
61,2025-04-06 05:37:00 AM CEST,April 5 205 11:37 PM,Can‚Äôt fucking escape this shit,https://drive.google.com/file/d/1CyEs_bUTQZ1gyE9ZWyI1aXjLhAxRdwbq/view?usp=share_link,https://i.postimg.cc/zByFyFKX/image-61.jpg,942,63,1,kari,allloulilthing,a pathological people pleaser,https://i.postimg.cc/63Vw4TF8/profile-61.jpg,https://drive.google.com/file/d/1eHwGpO50d9wdE5HLOBXt5J-ZUrRL4byK/view?usp=share_link,3150,0,0,entertainment,,,entertainment,,1005,-690.62,,,,,,https://i.postimg.cc/hjWfG2Ly/allloulilthing.jpg,,,,,,,,,,,,,,,,
62,2025-04-06 04:57:00 PM CEST,April 6 2025 10:57 AM,The collection so far... we are fast running out of room!,https://drive.google.com/file/d/1uPDHTrEs5Sya-r9iTqo8Xtkpl6GpDGiu/view?usp=share_link,https://i.postimg.cc/05fy615j/image-62.jpg,106,5,8,cinema.rich,cinemarichard,I love movies that make me feel something.,https://i.postimg.cc/zD0YmmNY/profile-62.jpg,https://drive.google.com/file/d/1D_2-6gzhyZLcv1cZ2OjZ1yxj0xD6Knl2/view?usp=share_link,195,0,0,entertainment,,,entertainment,,111,-1584.62,,,,,,https://i.postimg.cc/7PTMZRg4/cinemarichard.jpg,,,,,,,,,,,,,,,,
63,2025-04-06 03:01:00 AM CEST,April 5 2025 9:01 PM,Am I the only one who doesn‚Äôt hate this cover ??,https://drive.google.com/file/d/1rsBgBS7vyoK_CsCQeidcg8_eupl9nu37/view?usp=share_link,https://i.postimg.cc/tg2BZgcD/image-63.jpg,2700,33,92,Ken,kennethwrii,kenreevesmedia@gmail.com,https://i.postimg.cc/Gt97w5Pb/profile-63.jpg,https://drive.google.com/file/d/1yXO2Dp9x1BQ33uUaT1hNxTsoxV09Y_Xp/view?usp=share_link,3347,0,0,entertainment,,,entertainment,,2733,1037.38,,,,,,https://i.postimg.cc/g0VyKL20/kennethwrii.jpg,,,,,,,,,,,,,,,,
64,2025-04-06 07:40:00 PM CEST,April 6 2025 1:40 PM,guys.,https://drive.google.com/file/d/15oMOraBQDuW8F1DtsFStWx3EViPxv03D/view?usp=share_link,https://i.postimg.cc/tRtNYJV6/image-64.jpg,1700,402,3,puppm,seungminismos,attention seeking puppy,https://i.postimg.cc/przHMrJW/profile-64.jpg,https://drive.google.com/file/d/1myRINgLGJ2_8vOXe8bBu08CX9mTtO_3o/view?usp=share_link,2744,0,0,entertainment,,,entertainment,,2102,406.38,,,,,,https://i.postimg.cc/XNgrgS64/seungminismos.jpg,,,,,,,,,,,,,,,,
65,2025-04-06 07:46:00 PM CEST,April 6 2025 1:46 PM,"I love how the bottles are shelfs, so cute",https://drive.google.com/file/d/1Jpk6K-QqgAkf-8g4jfKWlpJBeWXYotMt/view?usp=share_link,https://i.postimg.cc/hPR434C2/image-65.jpg,7800,462,12,just for fun ,nessasallure,‚ù•‚Éü20,https://i.postimg.cc/4xFFwZpB/profile-65.jpg,https://drive.google.com/file/d/15AfJEmjiR33H8o-cRf2vpPChh9Yd2O1U/view?usp=share_link,462,0,0,entertainment,,,entertainment,,8262,6566.38,,,,,,https://i.postimg.cc/MpSpQ9Xg/nessasallure.jpg,,,,,,,,,,,,,,,,
66,2025-04-06 10:51:00 AM CEST,April 6 2025 4:51 AM,What horror film off the shelf should I watch today? #PhysicalMedia,https://drive.google.com/file/d/1IMhf8S8R1RLaqwNTL6-95nf7ZGjV1tHh/view?usp=share_link,https://i.postimg.cc/85nJ68Dq/image-66.jpg,68,9,11,Mason Vaughn (Director of Madness),RealMasonVaughn,"Horror fanatic, writer, and physical media enthusiast. #PhysicalMedia",https://i.postimg.cc/mrKLvvWS/profile-66.jpg,https://drive.google.com/file/d/1SlMW7m1FARLAKI-5fhlFjcUjqHJETbIN/view?usp=share_link,4004,0,0,entertainment,,,entertainment,,77,-1618.62,,,,,,https://i.postimg.cc/zvv0pwvr/realmasonvaughn.jpg,,,,,,,,,,,,,,,,
67,2025-04-06 07:48:00 AM CEST,April 6 2025 1:48 AM,i love parents ,https://drive.google.com/file/d/17sfq_DE92nHuI2D3Nx8f3NQrL2rnpMyZ/view?usp=share_link,https://i.postimg.cc/ZKLvhsMt/image-67.jpg,3600,912,5, ¬Ø‡°á¬Ø,nanibfs,"best part, skynani",https://i.postimg.cc/j5XxkZtx/profile-67.jpg,https://drive.google.com/file/d/1GVulNTxU9i_y5Z9QYeC70ei2wLm0PD1V/view?usp=share_link,587,0,0,entertainment,,,entertainment,,4512,2816.38,,,,,,https://i.postimg.cc/qqh9bHDQ/nanibfs.jpg,,,,,,,,,,,,,,,,
68,2025-04-05 04:26:00 PM CEST,April 5 2025 10:26 AM,mama an otter behind u ,https://drive.google.com/file/d/1cbhUQ_awXYsqSO_ShV_pDMrxwCHzPXv9/view?usp=sharing,https://i.postimg.cc/853xKVvR/image-68.jpg,3800,422,1,bbangsez pics,bbang_04z,for NJZ's #ÎØºÏßÄ & #ÌïòÎãà,https://i.postimg.cc/xTR0fszL/profile-68.jpg,https://drive.google.com/file/d/1ktOOkyvtoXJSrKHauvQyylENqns-uZQk/view?usp=share_link,4599,0,0,entertainment,,,entertainment,,4222,2526.38,,,,,,https://i.postimg.cc/K8GW6bCQ/bbang04z.jpg,,,,,,,,,,,,,,,,
69,2025-04-06 07:12:00 AM CEST,April 6 2025 1:12 AM,Lana Del Rey has never made a bad album,https://drive.google.com/file/d/1xJ8dpYVshkQi7fR37nqnVyhJtbQmIssU/view?usp=sharing,https://i.postimg.cc/q7Gk5gB8/image-69.jpg,1000,99,35,Nevada,thecheeries,I‚Äôm a fan girl who posts nonsense about fan girl things. Film. Literature. Lesbian. I shall run this page and my world in pink,https://i.postimg.cc/VNMYqK2Z/profile-51.jpg,https://drive.google.com/file/d/13C2iXOpqUWzDKC1X-OZPwSJdT2kyGKxq/view?usp=share_link,2320,0,0,entertainment,,,entertainment,,1099,-596.62,,,,,,https://i.postimg.cc/Nfkfc1jt/thecheeries.jpg,,,,,,,,,,,,,,,,
70,2025-04-06 08:35:00 PM CEST,April 6 2025 2:35 PM,YALL I GOT F5VE MERCH,https://drive.google.com/file/d/1dzzuJzanE_n8cuaNVTHP4C-r_prgAypz/view?usp=share_link,https://i.postimg.cc/rMS8gYbg/image-70.jpg,2600,221,4,ale - air & sequence 01,itz_ale24,he/him - you eat a lot of lettuce on an underground firetruck but you're an alien and a magic clock wakes you up from the dream sequence - #f5ve,https://i.postimg.cc/HkPx4S3b/profile-70.jpg,https://drive.google.com/file/d/1S8QRJJI-9MqEG44yNQNH7gY8UKemUjB_/view?usp=share_link,307,0,0,entertainment,,,entertainment,,2821,1125.38,,,,,,https://i.postimg.cc/fT8rxFgP/itzale24.jpg,,,,,,,,,,,,,,,,
71,2025-04-05 11:11:00 PM CEST,April 5 2025 5:11 PM,Reply with a pic to defend her face card,https://drive.google.com/file/d/1iBF0E9QsC7gFByGQpFInDHpBZoYCu8-l/view?usp=share_link,https://i.postimg.cc/1z1GK748/image-71.jpg,746,20,22,zac,zacisontime,,https://i.postimg.cc/T17MMsK9/profile-71.jpg,https://drive.google.com/file/d/1Q9Sfx5LeJl1F46VNBSS7gJrawoP0fOF8/view?usp=share_link,5547,0,0,entertainment,,,entertainment,,766,-929.62,,,,,,https://i.postimg.cc/rsL0hMQN/zacisontime.jpg,,,,,,,,,,,,,,,,
72,2025-04-05 06:41:00 PM CEST,April 5 2025 12:41 PM,"If #HOSHI is your bias, you probably... (a thread)",https://drive.google.com/file/d/1KL0rwMNfXv4nk8bnBhUzNIAk0Rw71gx1/view?usp=share_link,https://i.postimg.cc/RVfQnzVk/image-72.jpg,3000,568,6,leyre'‚ô°,luviecheol,for svt p1h bnd ampers & stayc,https://i.postimg.cc/vB23Qwvc/profile-72.jpg,https://drive.google.com/file/d/14vcdiRoE5uEXMPxgWAXLTT8O6oSVjTF2/view?usp=share_link,1168,0,0,entertainment,,,entertainment,,3568,1872.38,,,,,,https://i.postimg.cc/NMQScrJy/luviecheol.jpg,,,,,,,,,,,,,,,,
73,2025-04-06 05:07:00 PM CEST,April 6 2025 11:07 AM,the first batch of my lumon hall pass pins arrived who want one ,https://drive.google.com/file/d/1kCDw9M5LfTBuBy-8I_cI12faHro5eG1r/view?usp=share_link,https://i.postimg.cc/VkvfVzrT/image-73.jpg,2400,51,23,baby,616wilsonx,  ,https://i.postimg.cc/jjLhZFTT/profile-73.jpg,https://drive.google.com/file/d/1nc-AYIma-ZNXEgThWlQtuWbEcF7N-6hp/view?usp=share_link,175,0,0,entertainment,,,entertainment,,2451,755.38,,,,,,https://i.postimg.cc/CKpvsgSw-/616wilsonx.jpg,,,,,,,,,,,,,,,,
74,2025-04-05 06:59:00 AM CEST,April 5 2025 12:59 AM,Kordell's shirt,https://drive.google.com/file/d/1LHGNt4DU2njllWeJQUNjBw5GbsgL7YFY/view?usp=share_link,https://i.postimg.cc/4dQR30HV/image-74.jpg,758,20,11,Drea,Dreashere,  ,https://i.postimg.cc/Bn88y9jm/profile-74.jpg,https://drive.google.com/file/d/14uUB0fBkaYyOXKIpxDUn-EZc6CeC0MaZ/view?usp=share_link,82,0,0,entertainment,,,entertainment,,778,-917.62,,,,,,https://i.postimg.cc/3NJkmddz/dreashere.jpg,,,,,,,,,,,,,,,,
75,2025-04-05 09:34:00 PM CEST,April 5 2025 3:34 PM, ,https://drive.google.com/file/d/1iZCgazuPxYF_QX5Ty5EP-eFzaJfrhhyb/view?usp=share_link,https://i.postimg.cc/RhYsC1dw/image-75.jpg,209,14,4,bruno,brunolovesblur,‚îÄ ùó±ùóÆùó∫ùóºùóª ùóÆùóπùóØùóÆùóøùóª !!!! ‚òÖ ‡πã‡£≠ ¬∑ | PRESIDENT OF #BLURTWT | ùôúùôùùô§ùô®ùô© enthusiast ‚õß |  ùë®ùë¥  |  SEEING OASIS '25 |,https://i.postimg.cc/BnG9W26R/profile-75.jpg,https://drive.google.com/file/d/1InldTUxp8XiHkxYOfeqSBe16qe66lwbb/view?usp=share_link,789,0,0,entertainment,,,entertainment,,223,-1472.62,,,,,,https://i.postimg.cc/1tv0NxvR/brunolovesblur.jpg,,,,,,,,,,,,,,,,
76,2025-04-05 09:13:00 PM CEST,April 5 2025 3:13 PM,"Save us, people, save us ",https://drive.google.com/file/d/1TvBnwJ8hJKCMqkjVpLW5pP8RRp4Zym5E/view?usp=share_link,https://i.postimg.cc/50CqqcSQ/image-76.jpg,141,139,5,Amro Atef,AMROAtef0,"Hello, I am Amro. I am 22 years old. I publish news related to Palestine and Gaza, and I want to make my voice tweet the truth to the whole world",https://i.postimg.cc/MKw2NyXN/profile-76.jpg,https://drive.google.com/file/d/1Q9f-fzOV-CMC_-Dn9_NvBQUrbCr26gOI/view?usp=share_link,2688,0,0,politics ,,,politics ,,280,-1415.62,Supporting Gaza shows you care about human rights.,Nations that value justice protect civilians in war. ,,,,https://i.postimg.cc/6Q8GndtM/amroatef0.jpg,,,,,,,,,,,,,,,,
77,2025-04-06 05:14:00 PM CEST,April 6 2025 11:14 AM,Good morning to everyone who says it back! #MAGA,https://drive.google.com/file/d/1jUunpmf_mIIVqlV29eXYeM62msaj5Z6v/view?usp=share_link,https://i.postimg.cc/KYggCPkd/image-77.jpg,519,44,147,Daisy,BigRossoo,"I'm a girl who loves ,travelling, reading and various investments, let's Connect and grow together patriots #MAGA Scammers ",https://i.postimg.cc/gJy4Z6dL/profile-77.jpg,https://drive.google.com/file/d/1d8BGYktYI2oIvfMAr6zFREgZvm8SsIPQ/view?usp=share_link,3709,0,0,politics ,,,politics ,,563,-1132.62,Supporting the MAGA agenda shows you care about American values.,Backing Donald Trump publicly is how true patriots stand out.,You should support the MAGA agenda.,,,https://i.postimg.cc/HLW1h2Vt/bigrossoo.jpg,,,,,,,,,,,,,,,,
78,2025-04-06 04:58:00 AM CEST,April 5 2025 10:58 PM,    ,https://drive.google.com/file/d/1x6ylWQGpevK4_775dSZ3hzNptSsfhcDC/view?usp=share_link,https://i.postimg.cc/DZpksX5w/image-78.png,434,48,17,Agorist Nexus (Brandon),AgoristN,"Our mission is to spread Agorism

Opinions DON'T reflect the entire website/team

Managed by 
@Brand0naragon

--
About Us
https://agoristnexus.com/about-us/",https://i.postimg.cc/fLkT3YYB/profile-78.jpg,https://drive.google.com/file/d/1sLcMXXxWlPJslL1BE9ALFrTWikoZgXI2/view?usp=share_link,37800,0,0,politics ,,,politics ,,482,-1213.62,"You cannot stop people from performing regulated gas, plumbing, or drainage work.","Someone plans to defy the law against performing unlicensed gas, plumbing, or drainage work.",,,,https://i.postimg.cc/kDPd1yd7/agoristn.jpg,,,,,,,,,,,,,,,,
79,2025-04-05 04:27:00 PM CEST,April 5 2025 10:27 AM,BREAKING: Federal judge Paula Xinis  orders Trump to bring alleged MS-13 gang member back to US from El Salvador by April 7th deadline. Should the president comply?,https://drive.google.com/file/d/1jskPVxb5pYSlnSj5ml6pERqnHmCbasK8/view?usp=share_link,https://i.postimg.cc/cLdSp0KZ/image-79.jpg,87,57,216,Victor Bigham,Ravious101,"Be a Hero in real Life
| American Patriot | Real connections, real talk. Here to challenge narratives, support merit, and build authentic friends",https://i.postimg.cc/tR3CsR60/profile-79.png,https://drive.google.com/file/d/1CeZL1BQcJj9s7Cf45J0rEBeFJatE_V6m/view?usp=share_link,192500,0,0,politics ,,,politics ,,144,-1551.62,Judges want to bring back alleged MS-13 gang members to the United States.,Donald Trump should not comply with the judicial order to bring an alleged MS-13 member back to the United States.,,,,https://i.postimg.cc/qM4vc8pp/ravious101.jpg,,,,,,,,,,,,,,,,
80,2025-04-07 01:41:00 AM CEST,April 6 2025 7:41 PM,"BREAKING: DOGE just announced their plan to bring back $TRILLIONS of dollars stolen by corrupt politicians!
Do you support seizing assets from corrupt officials?
Yes or No?",https://drive.google.com/file/d/1nt4iRPwozZS42v1prPPg93WbeL8f-5qN/view?usp=share_link,https://i.postimg.cc/0yy4GQM6/image-80.jpg,38,10,11,Victoria,Victoria00025, ,https://i.postimg.cc/XJgm0PrP/profile-80.jpg,https://drive.google.com/file/d/1M122qSWBgSCfKSCy7JQSC8djzIaMIfdR/view?usp=share_link,23400,0,0,politics ,,,politics ,,48,-1647.62,The government needs to hold corrupt politicians financially accountable.,DOGE will restore integrity to U.S. politics.,DOGE is going after the trillions of dollars stolen by corrupt politicians.,,,https://i.postimg.cc/WzFpznVv/victoria00025.jpg,,,,,,,,,,,,,,,,
81,2025-04-06 07:55:00 PM CEST,April 6 2025 1:55 PM,"We are no longer fighting to liberate Jerusalem. We are now fighting to earn a living: a loaf of bread, a glass of water, any vegetable. Please don't leave me.",https://drive.google.com/file/d/1OpsdybluI8dfU3WgSOLhNyZJ9tY27uO5/view?usp=share_link,https://i.postimg.cc/cJqQxkSs/image-81.jpg,575,375,11,Muhammad in Gaza,7MohammedKhaled,"I am Mohamed Khaled,a social activist and humanitarian volunteer to help poor, needy,sick and displaced children in my community My second account",https://i.postimg.cc/V6p1MH85/profile-81.jpg,https://drive.google.com/file/d/1ptXnRRzC9myS3pyyu6efb0W5jNvrHNOf/view?usp=share_link,59600,0,0,politics ,,,politics ,,950,-745.62,People in Jerusalem need help.,You should support those suffering in Gaza. ,Civilians in Gaza are struggling to access food and water.,The struggle for basic living conditions continues for Palestinians.,,https://i.postimg.cc/xdcL5Gjk/7mohammedkhaled.jpg,,,,,,,,,,,,,,,,
82,2025-04-07 12:50:00 PM CEST,April 7 2025 6:50 AM,Good morning. It‚Äôs snowing again‚Ä¶ I‚Äôm so ready for real spring.,https://drive.google.com/file/d/1N0dNs6ymvtgUDvM6vtld8mItb1lW8Izc/view?usp=share_link,https://i.postimg.cc/dVc1DbLS/image-82.jpg,10,0,5,Lisa Holmes,LBodge64709,"MAGA farm girl from the Live Free or Die state. NO DMs . Happily married ,mom and grandma trying to wake up the world.",https://i.postimg.cc/44VjB3vW/profile-82.jpg,https://drive.google.com/file/d/19Vsw-omKkFuDLVw_PvZHVwpe_mBp7bWk/view?usp=share_link,6869,0,0,politics ,,,politics ,,10,-1685.62,Snow was falling that morning.,The user is disappointed that spring weather has not arrived.,The user is ready for spring.,,,https://i.postimg.cc/RVQg3zZg/lbodge64709.jpg,,,,,,,,,,,,,,,,
83,2025-04-06 10:19:00 PM CEST,April 6 2025 4:19 PM,"""Fascism is a syndical movement that brings together all the productive forces of the nation, obedient to the same law and the same idea. It is a political movement with millions of members of the same unshakable faith. +",https://drive.google.com/file/d/1rn7PAZLRbzGoHU7NwMRxO2OUYOoQtzbl/view?usp=share_link,https://i.postimg.cc/QtvBmHdj/image-83.jpg,26,6,1,Checoslovaquia,Karlharrerdap,My previous account was hacked KJJJJ n anarchist who goes beyond left and right Manichean and Taoist ,https://i.postimg.cc/sfHGHVVZ/profile-83.jpg,https://drive.google.com/file/d/1YlQR3DV9EFPWeAySK71_JQ9mkcSg88i7/view?usp=share_link,187,0,0,politics ,,,politics ,,32,-1663.62,Fascism is a productive movement grounded on faith.,Fascism is widely supported.,,,,https://i.postimg.cc/4NZGcssM/karlharrerdap.jpg,,,,,,,,,,,,,,,,
84,2025-04-06 02:03:00 PM CEST,April 6 2025 8:03 AM,"Good morning, fellow patriots. Let's rally together and support one another after all, we always follow back as a united front.",https://drive.google.com/file/d/1K_t8C2HOQMG_q3DYo8i4KD6IcKSdLsES/view?usp=share_link,https://i.postimg.cc/HLRsDFD2/image-84.jpg,4,1,0,Max,BonneyMax,MAGA Forever || Biologist (Botany and Zoology) ||English Premier League || Make the World Great Again || Donald Trump took a bullet for me.,https://i.postimg.cc/BvvXBydC/profile-84.jpg,https://drive.google.com/file/d/1LjP3QD2N9JCX4eb_zTTV27fefg3gIs__/view?usp=share_link,11100,0,0,politics ,,,politics ,,5,-1690.62,True patriots stand united.,Donald Trump's liberation day tariffs are reciprocal.,,,,https://i.postimg.cc/FRcpgtNC/bonneymax.jpg,,,,,,,,,,,,,,,,
85,2025-04-06 10:50:00 PM CEST,April 6 2025 4:50 PM,Nice to meet y'all! I'm Kate from TN & these communities are so freaking important if we're gonna keep winning. Don't let these psychopaths keep us down! I'll follow any one that's with me. Much much love ,https://drive.google.com/file/d/1UA-2BSJ-Rc1F-EcrbKR1Y-9pJ3P0oRhr/view?usp=share_link,https://i.postimg.cc/bwZ7crz7/image-85.jpg,476,52,146,Kate May,MistressDepp13,Expert. #AmericaFirst #LeaveKidsAlone,https://i.postimg.cc/prMW4114/profile-85.jpg,https://drive.google.com/file/d/1WP0iKeTLQAoy6PplcvkF9rGWT0k80QvC/view?usp=share_link,7337,0,0,politics ,,,politics ,,528,-1167.62,Keeping Democrats out of office is important.,Kate from Tennessee wants your support.,,,,https://i.postimg.cc/rwqMWcCs/mistressdepp13.jpg,,,,,,,,,,,,,,,,
86,2025-04-06 11:14:00 PM CEST,April 6 2025 5:14 PM,She is consistent always time for interviews while congress is robbing us blind!,https://drive.google.com/file/d/1ZPY6PjppkebGW1g4x6pXghyWziUDtvUZ/view?usp=share_link,https://i.postimg.cc/Y2y8c3hS/image-86.jpg,21,2,9,Mike Isom,misomfreedom,"#Noinbox=noDM On behalf of a great full nation thank DJT47, back the blue, close the border, 1A 2A, respect the flag, respect the troops that defend it MAGA",https://i.postimg.cc/y8gG3YNh/profile-86.jpg,https://drive.google.com/file/d/1OQzNR6OI3PkGHQthAyd-usBv963fmZMD/view?usp=share_link,18900,0,0,politics ,,,politics ,,23,-1672.62,Congress is robbing the people.,Attorney General Bondi is wasting taxpayer resources taking interviews instead of holding Congress accountable.,,,,https://i.postimg.cc/8k3SyMR2/misomfreedom.jpg,,,,,,,,,,,,,,,,
87,2025-04-06 11:57:00 AM CEST,April 6 2025 5:57 AM,"President Trump wants no taxes for people who make less than 150k a year.
Do you approve?
A. Yes
B. No",https://drive.google.com/file/d/1gDlric05RqCu5iXDK7AP5pVE5TrjKBY6/view?usp=share_link,https://i.postimg.cc/Jh4PVdcG/image-87.jpg,6600,1200,2500,Karoline Leavitt Daily News Sharing,WHLeavitt,"A parody account reporting White House news daily. No affiliation with 
@PressSec
 or 
@karolineleavitt
.",https://i.postimg.cc/Twwghhdf/profile-87.jpg,https://drive.google.com/file/d/1giPgPTB34Utp2ltVhUpB1gCq8KTnAB3q/view?usp=share_link,68900,0,0,politics ,,,politics ,,7800,6104.38,"There should be no taxes for people who make less than $150,000 per year.","You should show your support for Donald Trump's desire to not tax those who make less than $150,000 per year.",,,,https://i.postimg.cc/fyDnnfbC/whleavitt.jpg,,,,,,,,,,,,,,,,
88,2025-04-07 01:54:00 PM CEST,April 7 2025 7:54 AM,"Since 2015, Democrats have thoroughly audited Trump and his organization, examining every transaction, but found no tax evasion and corruption . Musk now calls for a DOGE-led audit of all Congress members. Do you back this?
A. Yes
B. No",https://drive.google.com/file/d/1jxJXcg_ZH3p6o4EgHmYjjnTz0AmlXkhr/view?usp=share_link,https://i.postimg.cc/c1QYhBwj/image-88.jpg,8400,2000,4100,Tulsi Gabbard Intelligence Report ,TusliGabbardDNI,"A parody account shares news of Tulsi Gabbard. No affiliation with 
@TulsiGabbard
 
@DNIGabbard",https://i.postimg.cc/hvKjh5bx/profile-88.jpg,https://drive.google.com/file/d/1v9zTKTz7xMPl1vsQ1wkfXHfLYsB3eEoa/view?usp=share_link,35600,0,0,politics ,,,politics ,,10400,8704.38,Tulsi Gabbard is advocating for a DOGE-led audit of all Congress members.,We should audit all members of Congress.,,,,https://i.postimg.cc/0y8gHf4y/tulsigabbarddni.jpg,,,,,,,,,,,,,,,,
89,2025-04-04 03:25:00 AM CEST,April 3 2025 9:25 PM,Who else doesn't regret their votes for Harris?,https://drive.google.com/file/d/1iFsTcgzp8XoZ6AjKkXA7F4kxsAY9lxrC/view?usp=share_link,https://i.postimg.cc/76qDk4tS/image-89.jpg,8200,686,713,Winter,GothPolitics,Proud Radical Lefty and Progressive. Political conversations. All views are welcomed.,https://i.postimg.cc/25FN38Hc/profile-89.jpg,https://drive.google.com/file/d/1kkeOsPl8PcFWAOy_Rz5IovdT8GoL3tl5/view?usp=share_link,36800,0,0,politics ,,,politics ,,8886,7190.38,People do not regret voting for Kamala Harris.,Kamala Harris voters should be proud of who they supported.,The user regrets voting for Kamala Harris.,,,https://i.postimg.cc/jjynMRnf/gothpolitics.jpg,,,,,,,,,,,,,,,,
90,2025-04-06 11:31:00 PM CEST,April 6 2025 5:31 PM,"Should George Soros, his money, and all his organizations be banned from American politics? 
YES or NO?",https://drive.google.com/file/d/12ZlVeFwPq3otPEgIwUrLY_1H9n1VvPDY/view?usp=share_link,https://i.postimg.cc/1XgdxYSp/image-90.jpg,2900,468,2100,Ron De Santins NEWS,RonDeSNews,"reaking News Daily! No affiliations with 
@GovRonDeSantis
. Turn on notifications to be the first to get Breaking news. Biggest Ron De Santis fan page.",https://i.postimg.cc/W3wZ9r5G/profile-90.jpg,https://drive.google.com/file/d/1pB2DLI_H-5bBHcJCkcr46MtB26pnhuUK/view?usp=share_link,348100,0,0,politics ,,,politics ,,3368,1672.38,George Soros should be banned from American politics.,George Soros has had too large of an influence of American politics.,,,,https://i.postimg.cc/Zn0jX9Sn/rondesnews.jpg,,,,,,,,,,,,,,,,
91,2025-04-04 08:52:00 PM CEST,April 4 2025 2:52 PM,I‚Äôm looking to find out how many people support Giorgia Meloni and think she is a breath of fresh air in politics,https://drive.google.com/file/d/1WsyDj8nCAKfrR10GdEc-PmN4Pb7m1hz_/view?usp=share_link,https://i.postimg.cc/QMyP63GX/image-91.jpg,3900,465,429,Lee Patriot Hood ,Mofoman360,"I‚Äôm  Lee I‚Äôm very patriotic and love my country and The Royal Family #MAGA 
@reformparty_uk
 
@Nigel_Farage
 
@RupertLowe10
 
@LeeAndersonMP_
 
@TiceRichard",https://i.postimg.cc/X7sT7RXw/profile-91.jpg,https://drive.google.com/file/d/1I1aTyrMQIpc1aKZNeyhy50c89em7GWAJ/view?usp=share_link,57800,0,0,politics ,,,politics ,,4365,2669.38,You should support Giorgia Meloni.,Giorgia Meloni is a breath of fresh air.,,,,https://i.postimg.cc/85QyJkMn/mofoman360.jpg,,,,,,,,,,,,,,,,
92,2025-04-07 05:35:00 AM CEST,April 6 2025 11:35 PM,Hi guys!!! good Sunday morning!!! I‚Äôm getting close!,https://drive.google.com/file/d/1NXDEqnq5EMTgv7-9_my65Ae4MKMctqln/view?usp=share_link,https://i.postimg.cc/c4wfXK5D/image-92.jpg,393,79,132,Mel,lange202,"God, Country, Family #AmericaFirst re-posts endorsements  DAR MK, PK Seeker of the Truth and Believer in love and kindness DM‚Äôs #AIart",https://i.postimg.cc/L8djfXqR/profile-92.jpg,https://drive.google.com/file/d/1XX5FYpv4qSAQJbqMbkNfd3hi1oOFCLTx/view?usp=sharing,12600,0,0,politics ,,,politics ,,472,-1223.62,This user is nearing 5 million impressions.,This user is getting a lot of attention on X/Twitter.,,,,https://i.postimg.cc/NFt0LXdC/lange202.jpg,,,,,,,,,,,,,,,,
93,2025-04-05 05:29:00 PM CEST,April 5 2025 11:29 AM,"People have told me for years‚Ä¶that MassHoles are the most educated in the United States.
Really? 
Look at these idiots on the Boston Common.
Get a life. Protesting ‚Å¶Doge.
So you like corruption and wasting of your $$.
What a circus.",https://drive.google.com/file/d/1h565NXk_3aVBdwkAZG1WYP-epqEPG-L5/view?usp=share_link,https://i.postimg.cc/7YHqQdKp/image-93.jpg,1600,318,421,All Politics is Local with Jon Fetherston,LocalPoliticsis,Long time Radio & TV Political Reporter and Podcaster. Local and State Elected Official. Rotarian. Public Servant. Special Needs Advocate,https://i.postimg.cc/5N83NGgs/profile-93.jpg,https://drive.google.com/file/d/1iVI5SKodVF33KQTz2Zl_ij6GA7mIhZZT/view?usp=share_link,11500,0,0,politics ,,,politics ,,1918,222.38,People are protesting DOGE.,DOGE is ineffective.,DOGE protesters are clueless.,,,https://i.postimg.cc/QdvKhFZw/localpolitics.jpg,,,,,,,,,,,,,,,,
94,2025-04-04 02:41:00 AM CEST,April 3 2025 8:41 PM,"A little break from politics on your X feed HA kidding, what a wonderful day to be an advocate for women‚Äôs sports and free speech",https://drive.google.com/file/d/1OygR3QVHJN8RIO7VkZPWmGLPyD8ON-0Z/view?usp=share_link,https://i.postimg.cc/BQrMv9Rz/image-94.jpg,1200,25,45,Olivia Krolczyk,oliviakrolczyk_,Pride,https://i.postimg.cc/HxGnxSBt/profile-94.jpg,https://drive.google.com/file/d/1UWwhAJdQtgmnmqRze9fyibPiBqvHqZRG/view?usp=share_link,65000,0,0,politics ,,,politics ,,1225,-470.62,This woman is happy to be an advocate for women's sports and free speech.,You should support women's sports and free speech.,,,,https://i.postimg.cc/GhyHzcyj/oliviakrolczyk.jpg,,,,,,,,,,,,,,,,
95,2025-04-08 12:43:00 AM CEST,April 7 2025 6:43 PM,"BREAKING: Do you agree that Sharia Law should be completely and permanently banned in all 50 states WITH no exceptions and no loopholes?
YES or NO?
If YES, follow my new account.",https://drive.google.com/file/d/1c4zHJeCc1UT9Yy-gTE77RhVKT332b2Uz/view?usp=share_link,https://i.postimg.cc/RC3YCRNN/image-95.jpg,19000,36000,5500,Kash Patel FBI Dir. COMMENTARY,KashPatelDir,"FBI Director Breaking News Daily! Turn on Notifications to be the first to get Breaking NEWS. No affiliations with 
@Kash_Patel
, PARODY ACCOUNT. ",https://i.postimg.cc/90RLpQG2/profile-95.jpg,https://drive.google.com/file/d/1y-KLwqPodYpa6SkC2ckxDsyjcTUoSn_x/view?usp=share_link,6829,0,0,politics ,,,politics ,,55000,53304.38,You should follow Kash Patel is you agree that Sharia law should be completely and permanently banned in all 50 states.,Sharia Law should be banned in the United States.,,,,https://i.postimg.cc/V6Y9MJZv/kashpateldir.jpg,,,,,,,,,,,,,,,,
96,2025-04-07 03:25:00 PM CEST,April 7 2025 9:25 AM,The President and First Lady of the United States of America Give me a thumbs for them!!,https://drive.google.com/file/d/1coed6D2pVUV3RLrvgHrQpVItb-lUTSI5/view?usp=share_link,https://i.postimg.cc/VsBCtyST/image-96.jpg,40,16,8,America First ,America_First0,Make America Great Again,https://i.postimg.cc/V6ctTLQ1/profile-96.jpg,https://drive.google.com/file/d/1g4AE7M2z6TmAHRGYhVy6zIbHUJhWt64-/view?usp=share_link,8744,0,0,politics ,,,politics ,,56,-1639.62,The Trumps are content.,The Trumps were at a party. ,The President and the First Lady deserve a thumbs up.,,,https://i.postimg.cc/W4w6hp48/americafirst0.jpg,,,,,,,,,,,,,,,,
97,2025-04-06 03:04:00 AM CEST,April 5 2025 9:04 PM,Destroy the American economy and goes and golfs.,https://drive.google.com/file/d/1pJYxaB_5Usxhu3cItnwb1yvPAZnHVa9r/view?usp=share_link,https://i.postimg.cc/y8F41TpF/image-97.jpg,272,80,36,Aes,AesPolitics1,This is one hell of a stupid timeline.. Trump is a puppet shared 3 ways..(No DMs),https://i.postimg.cc/Tw461hdv/profile-97.jpg,https://drive.google.com/file/d/1BTetRn23NhpNmuH1_5yipi3g5-fOhg7N/view?usp=share_link,95200,0,0,politics ,,,politics ,,352,-1343.62,Donald Trump is golfing while the economy is failing.,Donald Trump does not care about the impacts of his economic policies.,,,,https://i.postimg.cc/9Xt1rpDV/aespolitics1.jpg,,,,,,,,,,,,,,,,
98,2025-04-07 06:05:00 PM CEST,April 7 202512:05 PM,"Were you pissed off when Biden‚Äôs chaotic evacuation left $46 billion in weapons (many of them were probably sold to the Chinese Communist Party) to the Taliban and cost 13 soldiers‚Äô lives? Should I urge CIA to investigate the shameful retreat?
A. Yes
B. No",https://drive.google.com/file/d/1v0E-lAbzv9i2oWVPnsNi7qyJ1LER-GSq/view?usp=share_link,https://i.postimg.cc/pTj1CVNK/image-98.jpg,2800,728,1800,Tulsi Gabbard Intelligence Report,TusliGabbardDNI,"A parody account shares news of Tulsi Gabbard. No affiliation with 
@TulsiGabbard
 
@DNIGabbard",https://i.postimg.cc/hvKjh5bx/profile-88.jpg,https://drive.google.com/file/d/1sLLNwfzbwx6mYA8VAa5RmlL4AGpVCzBM/view?usp=share_link,35600,0,0,politics ,,,politics ,,3528,1832.38,Biden's evacuation was chaotic.,People in Afghanistan ran around an Air Force jet.,,,,https://i.postimg.cc/k4wqfHJ9/tulsigabbarddni-2.jpg,,,,,,,,,,,,,,,,
99,2025-04-07 10:44:00 PM CEST,April 7 2025 4:44 PM,Do you support patriotic women with traditional values?  Yes or No,https://drive.google.com/file/d/1R7zVryADZjOeWMaCsbpGRCJLgK6i2THK/view?usp=share_link,https://i.postimg.cc/Ghmxh3Mz/image-99.jpg,500,28,123,Sophia Vetare,sophia_vetare,"Loving Music| Dog lover | Traveler at heart | Coffee and cozy sweaters 
Love",https://i.postimg.cc/fRn0kRyd/profile-99.jpg,https://drive.google.com/file/d/1aSoHixZ3wZN-zYIujuXNwRynrb9uIh_n/view?usp=share_link,4085,0,0,politics ,,,politics ,,528,-1167.62,"If you want to be a patriot, you should hold traditional values.",Patriotic women have traditional values.,,,,https://i.postimg.cc/5tYzcwHZ/sophiavetare.jpg,,,,,,,,,,,,,,,,
100,2025-04-07 08:45:00 PM CEST,April 7 2025 2:45 PM,"Special Election for 3rd Bristol District
Larry Quintal, a Taunton City Councilor and co-owner of Silva Funeral Home, is the Republican candidate for the 3rd Bristol District special election. The seat, covering parts of Taunton and Easton, became vacant following Carol Doherty‚Äôs passing in February 2025. Quintal pulled papers in March and organized his campaign committee on April 1, 2025. With no other Republicans in the race, there will be no primary, setting up a direct general election matchup against Democrat Lisa Field on June 10, 2025. Quintal is focused on tackling rising energy costs, supporting community aid, and advocating for tax relief.
""Our state is facing many serious challenges including soaring energy bills, a costly migrant influx, the need for more aid for communities, and a lower tax burden,"" Quintal said in the written statement. ""Taunton and Easton need a State Representative who will fight for them, not the special interests. Having served on the Taunton City Council and being a small business owner, I have the proven track record people know that they can trust.""
""Right now, families are being clobbered by soaring energy costs.  We need more natural gas in Massachusetts. I will work to make that happen,"" Quintal said. ""Our state has spent over $2 billion to house the migrants and now MassHealth is starting to surge to pay for the migrants. I will support amending the Right to Shelter law to limit taxpayer funded benefits to our legal residents. I believe the money spent on the migrant crisis would have been better spent by sending more local aid back to the communities to lower the property tax burden.""
Let‚Äôs get the word out and work together to elect another Republican to the Massachusetts State Legislature!",https://drive.google.com/file/d/1-Hi-ujpu5vvkQNF4PB4br7ykITXpNElQ/view?usp=share_link,https://i.postimg.cc/ydrYmPHD/image-100.png,30,12,1,Chester Tam,islantstudio,Vice Chair of Operations and Digital Media for DJT. Massachusetts RNC Delegate. Took a stand for medical freedom. America 1st,https://i.postimg.cc/25P59HWZ/profile-100.jpg,https://drive.google.com/file/d/1MAhqs0cCakPFvBnQneayOzRWfLqv4zth/view?usp=share_link,20600,0,0,politics ,,,politics ,,42,-1653.62,You should elect a Republican to the Massachusetts State Legislature.,You should support Larry Quintal's bid in the 3rd Bristol special election.,,,,https://i.postimg.cc/8cfSbzjQ/islantstudio.jpg,,,,,,,,,,,,,,,,
101,2024-08-20 04:23:00 PM CEST,August 20 2024 10:23 AM,Kamala the Kommie Klown,https://drive.google.com/file/d/1GlRuKmJEToYQK7PxuuiZOVwK5DTij5T6/view?usp=share_link,https://i.postimg.cc/rygMrcTK/image-101.jpg,1,0,0,Gage The Fiscal Sage | Fundamentalist Investor,FiscalSage,"Premium+ | Stock Research | Personal Finance | Policy Discussion | Tip-of-the-Iceberg News Analysis | In-Depth News, Analyses, ‚ÄòFolio Updates in newsletter",https://i.postimg.cc/j5KpjP01/profile-101.jpg,https://drive.google.com/file/d/177_6GxlE_qm-DsIgtmcN1FqfT4zNR-Bu/view?usp=share_link,1372,0,0,treatment,,Negative Artisitic Democrat,treatment,,1,-1694.62,Kamala Harris is a communist.,Kamala Harris is a socialist.,Kamala Harris is a clown.,Kamala Harris is a joke.,Kamala Harris will do bad things to America.,,https://i.postimg.cc/ZnFB35yp/fiscalsage-none.jpg,https://i.postimg.cc/kXzwwjV4/fiscalsage-insta.jpg,https://i.postimg.cc/05BLGGpy/fiscalsage-fb.jpg,https://i.postimg.cc/mkQJ2CJY/fiscalsage-both.jpg,https://i.postimg.cc/qqzqPBFH/fiscalsage-cr.jpg,,,Kamala Harris,,,,,,,,
102,2024-11-05 08:09:00 PM CEST,November 5 2024 2:09 PM,#Kamala4President,https://drive.google.com/file/d/1-OsgqU0daum7dJFtpMobY6WMA0SvSEAc/view?usp=share_link,https://i.postimg.cc/yxJKKgbt/image-102.jpg,61,9,11,John Henry3777,JHenry3777,,https://i.postimg.cc/GmdgGrSB/profile-102.jpg,https://drive.google.com/file/d/1mhZnug--myXpxkX2uYn-GMaxQcHIjsts/view?usp=share_link,44,0,0,treatment,,Negative Artisitic Democrat,treatment,,70,-1625.62,Kamala Harris is aligned with the devil.,Kamala Harris is evil.,Kamala Harris is part of the illuminati.,,,,https://i.postimg.cc/vTwRkWZF/jhenry3777-none.jpg,https://i.postimg.cc/HWFjWKVd/jhenry3777-insta.jpg,https://i.postimg.cc/25N5dBnJ/jhenry3777-fb.jpg,https://i.postimg.cc/SKdgLCwN/jhenry3777-both.jpg,https://i.postimg.cc/jS56Vm9K/jhenry3777-cr.jpg,,,Kamala Harris,,,,,,,,
103,2024-08-19 12:18:00 PM CEST,August 19 2024 6:18 AM, ,https://drive.google.com/file/d/1TDjHQ9tkTRprMuSt1UaX5tnqHjMV1n59/view?usp=share_link,https://i.postimg.cc/wjMGG8n4/image-103.jpg,29,3,0,ÿØŸäÿØŸà ,Dorktya,Free Palastine,https://i.postimg.cc/9M57wXJK/profile-103.jpg,https://drive.google.com/file/d/1nj12VMvzjDf8m4Lx_OitaSYnkqvMzFQG/view?usp=share_link,32100,0,0,treatment,,Negative Artisitic Republican,treatment,,32,-1663.62,Donald Trump is a Nazi.,Donald Trump is a fascist.,,,,,https://i.postimg.cc/prynYJYv/dorktya-none.jpg,https://i.postimg.cc/LXpTTwnp/dorktya-insta.jpg,https://i.postimg.cc/FFfRpzXh/dorktya-fb.jpg,https://i.postimg.cc/qgfNTVnb/dorktya-both.jpg,https://i.postimg.cc/TPpFNL0V/dorktya-both.jpg,,,Donald Trump,,,,,,,,
104,2024-08-20 11:52:00 AM CEST,August 20 2024 5:52 AM, ,https://drive.google.com/file/d/1nPNOR53qALn3Js1q-IU3YlCuSJPpq6wn/view?usp=share_link,https://i.postimg.cc/0yrckGkV/image-104.jpg,32,1,3,‚Äî ‚Ä¢ ùóñ ùóõ ùóò ùóò ùóû ùó¨ ‚Ä¢ ‚Äî,andreagail_k,A picture is worth a thousand words. Add a thousand words¬∑¬∑¬∑,https://i.postimg.cc/mDKBghj1/profile-104.jpg,https://drive.google.com/file/d/1rwYqHBKRFgFOcVlUKCp3QLOD9nne1cmp/view?usp=share_link,13600,0,0,treatment,,Negative Artistic Republican,treatment,,33,-1662.62,Donald Trump and his supporters are communists.,Donald Trump is aligned with China.,,,,,https://i.postimg.cc/s2YTx0Hh/andreagailk-none.jpg,https://i.postimg.cc/8z32M3bX/andreagailk-insta.jpg,https://i.postimg.cc/dVfQFf1y/andreagailk-fb.jpg,https://i.postimg.cc/MK3bG8W4/andreagailk-both.jpg,https://i.postimg.cc/2yZmBDsw-/andreagailk-cr.jpg,,,Donald Trump,,,,,,,,
105,2024-10-11 09:59:00 PM CEST,October 11 2024 3:59 PM,Having a president with an alcohol problem would be detrimental to this country.,https://drive.google.com/file/d/15bsOtBp-mhkS-D2Q7jjIoDFq5gzl1dUT/view?usp=share_link,https://i.postimg.cc/7LKH3k8H/image-105.jpg,471,55,20,Trump History,Trump_History45,"Documenting the history of the 45th President of the United States, Donald J. Trump (parody)",https://i.postimg.cc/3r9FVpLw/profile-105.jpg,https://drive.google.com/file/d/1Q6_PV9fm0QU5_NVyTEhcX30MVMG3nhUq/view?usp=share_link,135600,0,0,treatment,,Negative Realistic Democrat,treatment,,526,-1169.62,Kamala Harris has a drinking problem.,Kamala Harris is a drunk.,Kamala Harris is a loser.,,,,https://i.postimg.cc/K4Sw-MyH3/trumphistory45-none.jpg,https://i.postimg.cc/Zn23F5bq/trumphistory45-insta.jpg,https://i.postimg.cc/9F0JdDpc/trumphistory45-fb.jpg,https://i.postimg.cc/4ySnkLq2/trump-history45-both.jpg,https://i.postimg.cc/YCVFc0YN/trumphistory45-cr.jpg,,,Kamala Harris,,,,,,,,
106,2024-08-14 10:47:00 PM CEST,August 14 2024 4:47 PM,"As Kendrick said, ‚ÄúThey not like us‚Äù. Let‚Äôs expose the blackface wearing Kamala Harris",https://drive.google.com/file/d/1Rhf2KpA0n517jINGGcMiC9U3i1Wq9SkQ/view?usp=share_link,https://i.postimg.cc/ZqQRkSff/image-106.jpg,7,6,2,BAIJ,Comed_Ai_n,I am Black AI Jesus so you can‚Äôt cancel me. Welcome to the BAIJ Comedy Network! Latest news and trends with a twists courtesy of AI and a fleshy human intern!,https://i.postimg.cc/2SNyx94L/profile-106.jpg,https://drive.google.com/file/d/12E20HvafJ7HQChx_LYPbxTEosMj5cr7q/view?usp=share_link,1143,0,0,treatment,,Negative Realistic Democrat,treatment,,13,-1682.62,Kamala Harris is not really Black.,"Kamala Harris is a fake, phony person.",Kamala Harris is code switching.,,,,https://i.postimg.cc/y8gLjFY7/comedain-none.jpg,https://i.postimg.cc/Y0NHhJZy/comedain-insta.jpg,https://i.postimg.cc/43RWX5hw/comedain-fb.jpg,https://i.postimg.cc/5NkzsT6C/comedain-both.jpg,https://i.postimg.cc/YSpT6DGs/comedain-both.jpg,,,Kamala Harris,,,,,,,,
107,2024-11-04 08:21:00 PM CEST,November 4 2024 2:21 PM,Getting ready for your next rally?,https://drive.google.com/file/d/1ItWMpQkcqeFw2gJcAohKUAfDwXRnY2yH/view?usp=share_link,https://i.postimg.cc/xCKSsDBN/image-107.jpg,79,13,13,AnEnemyWithin,An_Enemy_Within,"Raging against Trump Musk Insanity. please subscribe to my brand new YouTube channel at the link below, and follow me on Bluesky  
@anenemywithin
.bsky.social",https://i.postimg.cc/RFw4q4DP/profile-107.jpg,https://drive.google.com/file/d/15fGK95hMcwoO7_bGhxCjEfm0bZatjSgO/view?usp=share_link,4436,0,0,treatment,,Negative Realistic Republican,treatment,,92,-1603.62,Donald Trump is a felon.,Donald Trump will be going to jail.,Donald Trump is giving speeches to people from January 6.,,,,https://i.postimg.cc/44VSnPnZ/anenemywithin-none.jpg,https://i.postimg.cc/rpT6FHCB/anenemywithin-insta.jpg,https://i.postimg.cc/dVp1HJF8/anenemywithin-fb.jpg,https://i.postimg.cc/NF3X1Q5f/anenemywithin-both.jpg,https://i.postimg.cc/2S8hRkgM/anenemywithin-cr.jpg,,,Donald Trump,,,,,,,,
108,2024-08-18 01:55:00 PM CEST,August 18 2024 7:55 AM,"Meanwhile, your rallies",https://drive.google.com/file/d/16vNAQLtA78V51GZgBVtkGZAXT5E_cUyX/view?usp=share_link,https://i.postimg.cc/gcn5s66F/image-108.jpg,17000,176,137,Bill DeMayo,BDeMayo,A nice #fella. Occasionally funny enough to be quoted in Newsweek and Yahoo News. A member of the resistance. Snark guaranteed.,https://i.postimg.cc/G2LqTjMZ/profile-108.jpg,https://drive.google.com/file/d/1mPeKvv1gMraMxJey43cVhWnLbc_h6SwN/view?usp=share_link,10800,0,0,treatment,,Negative Realistic Republican,treatment,,17176,15480.38,Donald Trump's rallies are empty.,Donald Trump has no supporters.,,,,,https://i.postimg.cc/fTDT7L8q/bdmayo-none.jpg,https://i.postimg.cc/Z5PntNCS/bdemayo-insta.jpg,https://i.postimg.cc/rF8YNXxN/bdemayo-fb.jpg,https://i.postimg.cc/yxfCBV0s/bdemayo-both.jpg,https://i.postimg.cc/PrkSrGSk/bdemayo-cr.jpg,,,Donald Trump,,,,,,,,
109,2024-11-05 05:05:00 AM CEST,November 4 2024 11:05 PM,They can say all the racist comments they want my ppl aren‚Äôt going back to chains !!!!  #FreedomForWomen #freedom  #vote #VoteKamala,https://drive.google.com/file/d/16eiGvkYgzfE-_5din4gfCzCM8JrUQLXS/view?usp=share_link,https://i.postimg.cc/v8VhD7VB/image-109.jpg,2,2,1,Alleyezonme,BackKing2018,IG -all_eyezonme32 PSN - Bowdowntogreatnes #PS5Gamer,https://i.postimg.cc/tgKnLR6D/profile-109.jpg,https://drive.google.com/file/d/1w9jgkDg9ldKwP_Pj_zQoZykpr7BtXk2n/view?usp=share_link,1026,0,0,treatment,,Positive Artistic Democrat,treatment,,4,-1691.62,Kamala Harris is patriotic.,Kamala Harris represents America.,Kamala Harris is noble.,,,,https://i.postimg.cc/2jnqYgqv/backking2018-none.jpg,https://i.postimg.cc/Vvhn3CZw/backking2018-insta.jpg,https://i.postimg.cc/8zpNq0W1/backking2018-fb.jpg,https://i.postimg.cc/jd61YqQf/backking2018-both.jpg,https://i.postimg.cc/VvzVFFFD/backking2018-cr.jpg,,,Kamala Harris,,,,,,,,
110,2024-11-04 10:51:00 PM CEST,November 4 2024 4:51 PM,Tomorrow we make History as the first black woman to be president of the United States. #VoteKamala #Vote2024  #changeiscoming #DemsUnited,https://drive.google.com/file/d/1W2a-BWCLxIhkVlWu-jrGrAPPCR1ZByOe/view?usp=share_link,https://i.postimg.cc/25LbTGmL/image-110.jpg,641,127,90,Alleyezonme,BackKing2018,IG -all_eyezonme32 PSN - Bowdowntogreatnes #PS5Gamer,https://i.postimg.cc/tgKnLR6D/profile-109.jpg,https://drive.google.com/file/d/1se7H1p0l8MK-1trtzvIsNE5pQEYrPpIv/view?usp=share_link,1026,0,0,treatment,,Positive Artistic Democrat,treatment,,768,-927.62,Kamala Harris can create change and unity.,Kamala Harris is going to win the election.,Kamala Harris stands up for people.,Kamala Harris is a leader.,,,https://i.postimg.cc/L51r1z1Q/backking2018-2-none.jpg,https://i.postimg.cc/9FnR9sDL/backking2018-2-insta.jpg,https://i.postimg.cc/DwdBHChP/backking2018-2-fb.jpg,https://i.postimg.cc/mDmDbmhH/backking2018-2-both.jpg,https://i.postimg.cc/kGx72wgs/backking2018-2-cr.jpg,,,Kamala Harris,,,,,,,,
111,2024-11-04 05:46:00 PM CEST,November 4 2024 11:46 AM,Let‚Äôs go America. Trump2024,https://drive.google.com/file/d/1WDpS0vIs9o5EewBPCtg7RqwIXrAazCCa/view?usp=share_link,https://i.postimg.cc/RFNBwpz2/image-111.jpg,2,0,0,Blu,blu,bluuuuuuuuuuue1,https://i.postimg.cc/prXjBGzt/profile-111.jpg,https://drive.google.com/file/d/1IWy_Kuyq1w8U7dq2DYRf93d11kmEUInV/view?usp=share_link,1431,0,0,treatment,,Positive Artistic Republican,treatment,,2,-1693.62,Donald Trump is fun and cool.,Donald Trump is awesome.,Donald Trump is a cool and hanging out with a cat.,,,,https://i.postimg.cc/43xmZ3DF/blu-none.jpg,https://i.postimg.cc/gk1DnCzD/blue-insta.jpg,https://i.postimg.cc/HxMvLT5b/blu-fb.jpg,https://i.postimg.cc/0NphDRym/blue-both.jpg,https://i.postimg.cc/6q6g3Dhc/blu-cr.jpg,,,Donald Trump,,,,,,,,
112,2024-11-05 03:40:00 PM CEST,November 5 2024 9:40 AM,Stay in line!!,https://drive.google.com/file/d/12svka_-ZZloKScz04xUu5ERiJmQSYBO6/view?usp=share_link,https://i.postimg.cc/MH7rB1Xh/image-112.jpg,37,3,1,Jason Mac,JasonMac2022,MacDaddy. Occasional Foreign Diplomat. Propagandist For Common Sense. Proud Texan,https://i.postimg.cc/k4r38LrB/profile-112.jpg,https://drive.google.com/file/d/1urcOmfjGxOxhz5qBp6fdwiON1cjIos-f/view?usp=share_link,16300,0,0,treatment,,Positive Artistic Republican,treatment,,40,-1655.62,Voting for Donald Trump will save America.,Donald Trump needs our help to win.,,,,,https://i.postimg.cc/gcZvm3NX/jasonmac2022-2-none.jpg,https://i.postimg.cc/LXZRGQ9s/jaconmac2022-2-insta.jpg,https://i.postimg.cc/KcfmKH9d/jasonmac2022-fb.jpg,https://i.postimg.cc/WpFYkqbr/jasonmac2022-both.jpg,https://i.postimg.cc/85TB09BR/jasonmac2022-2-cr.jpg,,,Donald Trump,,,,,,,,
113,2024-08-18 04:09:00 PM CEST,August 18 2024 10:09 AM, ,https://drive.google.com/file/d/1TKnAXFhFykuZOcnkNMWBTDQEJ99QAR-_/view?usp=share_link,https://i.postimg.cc/4x7VFsQ3/image-113.jpg,0,0,0,Myer Berlow,myerberlow,Artist and critic,https://i.postimg.cc/zf7KRYHk/profile-113.jpg,https://drive.google.com/file/d/1kAwQk1uLNGHmuDWtzcrcVzQLZsm0Iznl/view?usp=share_link,998,0,0,treatment,,Positive Realistic Democrat,treatment,,0,-1695.62,Donald Trump is overweight.,Donald Trump is an entertainer.,,,,,https://i.postimg.cc/yNkQ7kDf/myerberlow-none.jpg,https://i.postimg.cc/xjFY9bpm/myerberlow-insta.jpg,https://i.postimg.cc/hj58tr76/myerberlow-fb.jpg,https://i.postimg.cc/Qd2qpS43/myerberlow-both.jpg,https://i.postimg.cc/VNB9FPHP/myerberlow-cr.jpg,,,Donald Trump,,,,,,,,
114,2024-08-29 06:06:00 PM CEST,August 29 2024 12:06 PM,"BREAKING: The Stock Market just broke yet another all time high with the Dow hitting $41,493.
The Kamala Climb continues!",https://drive.google.com/file/d/1Xv-N9aZimHkrEPfzzGvSXPo6SXL5KQha/view?usp=share_link,https://i.postimg.cc/XJHvbyV6/image-114.jpg,3100,767,692,Ed Krassenstein,EdKrassen,"AI & Crypto futurist. Creator of 
@KrassenCast
. Subscribe for additional content. Follow my twin: 
@Krassenstein
.",https://i.postimg.cc/zfQTqZL2/profile-114.jpg,https://drive.google.com/file/d/111ymzekJ8ZJOgsNa-WHLn3IVvY2DbXPN/view?usp=share_link,1000000,0,0,treatment,,Positive Realistic Democrat,treatment,,3867,2171.38,Kamala Harris has created growth in the stock market.,Kamala Harris is competent.,Kamala Harris is happy.,Kamala Harris is good for the economy.,,,https://i.postimg.cc/pdbWsJxv/edkrassen-none.jpg,https://i.postimg.cc/0yZnfc7M/edkrassen-insta.jpg,https://i.postimg.cc/vmtgjTmm/edkrassen-fb.jpg,https://i.postimg.cc/43qdRRpD/edkrassen-both.jpg,https://i.postimg.cc/m2v8kPBk/edkrassen-cr.jpg,,,Kamala Harris,,,,,,,,
115,2024-08-18 05:44:00 AM CEST,August 17 2024 11:44 PM,realDonaldTrump,https://drive.google.com/file/d/1jfwYMNFbUNo3EVxe614W9e6w65SLySL-/view?usp=share_link,https://i.postimg.cc/GhYskqLB/image-115.jpg,33,1,5,Austin Negrete,Chewieman42023,"AZ  Christian  followed by
@JohnCena
 
@ValVenisENT
 
@Luireigns
 
@WeWantCody_
 
@CeNationHQ
 
@OneTrueMav
 Cannabis entrepreneur",https://i.postimg.cc/VkVJC9Yd/profile-115.jpg,https://drive.google.com/file/d/1VkqeF7RxzJeSiNk1R0twv_N4QwgLEbuB/view?usp=share_link,1810,0,0,treatment,,Positive Realistic Republican,treatment,,34,-1661.62,Donald Trump is patriotic.,Donald Trump is a strong leader.,Donald Trump likes dogs.,Donald Trump is better for dog owners.,,,https://i.postimg.cc/BbkGN591/chewieman-none.jpg,https://i.postimg.cc/LX8vXrYm/chewieman-insta.jpg,https://i.postimg.cc/CMRSj2Tt/chewieman42023-fb.jpg,https://i.postimg.cc/c1MYjDrm/chewieman-both.jpg,https://i.postimg.cc/t4X3cWzK/chewieman42023-cr.jpg,,,Donald Trump,,,,,,,,
116,2024-08-19 12:02:00 AM CEST,August 18 2024 6:02 PM, ,https://drive.google.com/file/d/1C3TQWfX3Q412K1uU8vpi0QnksXiqgqgt/view?usp=share_link,https://i.postimg.cc/fThbhZsL/image-116.jpg,5,0,2,Sa,getitgetitfast_, Jesus is King! Artist - Creator ,https://i.postimg.cc/DymFb9mP/profile-116.jpg,https://drive.google.com/file/d/1wa7D4NiVgDANPoxlxOyRRIMxTwMQdro9/view?usp=share_link,3174,0,0,treatment,,Positive Realistic Republican,treatment,,,,Taylor Swift supports Donald Trump.,Taylor Swift and Donald Trump are friends.,Taylor Swift was at one of Donald Trump's rallies.,,,,https://i.postimg.cc/kMzqFmyt/getitgetitfast-none.jpg,https://i.postimg.cc/gJtBpG0y/getgetitfast-insta.jpg,https://i.postimg.cc/mDVh25xy/getitgetitfast-fb.jpg,https://i.postimg.cc/85bYjRzV/getitgetitfast-both.jpg,https://i.postimg.cc/L8C6ZPhL/getitgetitfast-cr.jpg,,,Taylor Swift and Donald Trump,,,,,,,,